timestamp,value
2007-10-09T00:00:00Z,0
2007-10-10T00:00:00Z,0
2007-10-11T00:00:00Z,0
2007-10-12T00:00:00Z,0
2007-10-13T00:00:00Z,0
2007-10-14T00:00:00Z,0
2007-10-15T00:00:00Z,0
2007-10-16T00:00:00Z,0
2007-10-17T00:00:00Z,0
2007-10-18T00:00:00Z,0
2007-10-19T00:00:00Z,0
2007-10-20T00:00:00Z,0
2007-10-21T00:00:00Z,0
2007-10-22T00:00:00Z,0
2007-10-23T00:00:00Z,235
2007-10-24T00:00:00Z,235
2007-10-25T00:00:00Z,235
2007-10-26T00:00:00Z,235
2007-10-27T00:00:00Z,235
2007-10-28T00:00:00Z,235
2007-10-29T00:00:00Z,235
2007-10-30T00:00:00Z,235
2007-10-31T00:00:00Z,235
2007-11-01T00:00:00Z,235
2007-11-02T00:00:00Z,235
2007-11-03T00:00:00Z,235
2007-11-04T00:00:00Z,235
2007-11-05T00:00:00Z,235
2007-11-06T00:00:00Z,235
2007-11-07T00:00:00Z,235
2007-11-08T00:00:00Z,235
2007-11-09T00:00:00Z,235
2007-11-10T00:00:00Z,235
2007-11-11T00:00:00Z,235
2007-11-12T00:00:00Z,235
2007-11-13T00:00:00Z,235
2007-11-14T00:00:00Z,235
2007-11-15T00:00:00Z,235
2007-11-16T00:00:00Z,235
2007-11-17T00:00:00Z,235
2007-11-18T00:00:00Z,235
2007-11-19T00:00:00Z,235
2007-11-20T00:00:00Z,235
2007-11-21T00:00:00Z,235
2007-11-22T00:00:00Z,235
2007-11-23T00:00:00Z,235
2007-11-24T00:00:00Z,235
2007-11-25T00:00:00Z,235
2007-11-26T00:00:00Z,235
2007-11-27T00:00:00Z,469
2007-11-28T00:00:00Z,469
2007-11-29T00:00:00Z,469
2007-11-30T00:00:00Z,469
2007-12-01T00:00:00Z,469
2007-12-02T00:00:00Z,469
2007-12-03T00:00:00Z,469
2007-12-04T00:00:00Z,469
2007-12-05T00:00:00Z,469
2007-12-06T00:00:00Z,469
2007-12-07T00:00:00Z,469
2007-12-08T00:00:00Z,469
2007-12-09T00:00:00Z,469
2007-12-10T00:00:00Z,469
2007-12-11T00:00:00Z,469
2007-12-12T00:00:00Z,469
2007-12-13T00:00:00Z,469
2007-12-14T00:00:00Z,469
2007-12-15T00:00:00Z,469
2007-12-16T00:00:00Z,469
2007-12-17T00:00:00Z,469
2007-12-18T00:00:00Z,469
2007-12-19T00:00:00Z,469
2007-12-20T00:00:00Z,469
2007-12-21T00:00:00Z,469
2007-12-22T00:00:00Z,469
2007-12-23T00:00:00Z,469
2007-12-24T00:00:00Z,469
2007-12-25T00:00:00Z,469
2007-12-26T00:00:00Z,469
2007-12-27T00:00:00Z,469
2007-12-28T00:00:00Z,469
2007-12-29T00:00:00Z,469
2007-12-30T00:00:00Z,469
2007-12-31T00:00:00Z,469
2008-01-01T00:00:00Z,469
2008-01-02T00:00:00Z,469
2008-01-03T00:00:00Z,469
2008-01-04T00:00:00Z,469
2008-01-05T00:00:00Z,469
2008-01-06T00:00:00Z,469
2008-01-07T00:00:00Z,469
2008-01-08T00:00:00Z,469
2008-01-09T00:00:00Z,472
2008-01-10T00:00:00Z,472
2008-01-11T00:00:00Z,472
2008-01-12T00:00:00Z,472
2008-01-13T00:00:00Z,472
2008-01-14T00:00:00Z,472
2008-01-15T00:00:00Z,472
2008-01-16T00:00:00Z,472
2008-01-17T00:00:00Z,286
2008-01-18T00:00:00Z,320
2008-01-19T00:00:00Z,320
2008-01-20T00:00:00Z,320
2008-01-21T00:00:00Z,320
2008-01-22T00:00:00Z,320
2008-01-23T00:00:00Z,320
2008-01-24T00:00:00Z,320
2008-01-25T00:00:00Z,320
2008-01-26T00:00:00Z,320
2008-01-27T00:00:00Z,320
2008-01-28T00:00:00Z,320
2008-01-29T00:00:00Z,320
2008-01-30T00:00:00Z,320
2008-01-31T00:00:00Z,320
2008-02-01T00:00:00Z,320
2008-02-02T00:00:00Z,320
2008-02-03T00:00:00Z,320
2008-02-04T00:00:00Z,320
2008-02-05T00:00:00Z,320
2008-02-06T00:00:00Z,320
2008-02-07T00:00:00Z,320
2008-02-08T00:00:00Z,320
2008-02-09T00:00:00Z,320
2008-02-10T00:00:00Z,320
2008-02-11T00:00:00Z,320
2008-02-12T00:00:00Z,320
2008-02-13T00:00:00Z,320
2008-02-14T00:00:00Z,320
2008-02-15T00:00:00Z,320
2008-02-16T00:00:00Z,320
2008-02-17T00:00:00Z,320
2008-02-18T00:00:00Z,320
2008-02-19T00:00:00Z,320
2008-02-20T00:00:00Z,320
2008-02-21T00:00:00Z,320
2008-02-22T00:00:00Z,320
2008-02-23T00:00:00Z,320
2008-02-24T00:00:00Z,320
2008-02-25T00:00:00Z,320
2008-02-26T00:00:00Z,320
2008-02-27T00:00:00Z,320
2008-02-28T00:00:00Z,320
2008-02-29T00:00:00Z,320
2008-03-01T00:00:00Z,320
2008-03-02T00:00:00Z,320
2008-03-03T00:00:00Z,320
2008-03-04T00:00:00Z,320
2008-03-05T00:00:00Z,320
2008-03-06T00:00:00Z,320
2008-03-07T00:00:00Z,320
2008-03-08T00:00:00Z,320
2008-03-09T00:00:00Z,320
2008-03-10T00:00:00Z,320
2008-03-11T00:00:00Z,320
2008-03-12T00:00:00Z,320
2008-03-13T00:00:00Z,320
2008-03-14T00:00:00Z,320
2008-03-15T00:00:00Z,320
2008-03-16T00:00:00Z,320
2008-03-17T00:00:00Z,320
2008-03-18T00:00:00Z,320
2008-03-19T00:00:00Z,320
2008-03-20T00:00:00Z,320
2008-03-21T00:00:00Z,320
2008-03-22T00:00:00Z,320
2008-03-23T00:00:00Z,320
2008-03-24T00:00:00Z,320
2008-03-25T00:00:00Z,320
2008-03-26T00:00:00Z,320
2008-03-27T00:00:00Z,322
2008-03-28T00:00:00Z,322
2008-03-29T00:00:00Z,322
2008-03-30T00:00:00Z,322
2008-03-31T00:00:00Z,322
2008-04-01T00:00:00Z,322
2008-04-02T00:00:00Z,320
2008-04-03T00:00:00Z,320
2008-04-04T00:00:00Z,320
2008-04-05T00:00:00Z,320
2008-04-06T00:00:00Z,320
2008-04-07T00:00:00Z,320
2008-04-08T00:00:00Z,320
2008-04-09T00:00:00Z,320
2008-04-10T00:00:00Z,320
2008-04-11T00:00:00Z,320
2008-04-12T00:00:00Z,320
2008-04-13T00:00:00Z,320
2008-04-14T00:00:00Z,320
2008-04-15T00:00:00Z,320
2008-04-16T00:00:00Z,320
2008-04-17T00:00:00Z,320
2008-04-18T00:00:00Z,320
2008-04-19T00:00:00Z,320
2008-04-20T00:00:00Z,320
2008-04-21T00:00:00Z,320
2008-04-22T00:00:00Z,320
2008-04-23T00:00:00Z,320
2008-04-24T00:00:00Z,320
2008-04-25T00:00:00Z,320
2008-04-26T00:00:00Z,320
2008-04-27T00:00:00Z,320
2008-04-28T00:00:00Z,320
2008-04-29T00:00:00Z,320
2008-04-30T00:00:00Z,320
2008-05-01T00:00:00Z,320
2008-05-02T00:00:00Z,320
2008-05-03T00:00:00Z,320
2008-05-04T00:00:00Z,320
2008-05-05T00:00:00Z,320
2008-05-06T00:00:00Z,320
2008-05-07T00:00:00Z,320
2008-05-08T00:00:00Z,320
2008-05-09T00:00:00Z,320
2008-05-10T00:00:00Z,320
2008-05-11T00:00:00Z,320
2008-05-12T00:00:00Z,320
2008-05-13T00:00:00Z,320
2008-05-14T00:00:00Z,320
2008-05-15T00:00:00Z,320
2008-05-16T00:00:00Z,320
2008-05-17T00:00:00Z,320
2008-05-18T00:00:00Z,320
2008-05-19T00:00:00Z,320
2008-05-20T00:00:00Z,320
2008-05-21T00:00:00Z,320
2008-05-22T00:00:00Z,320
2008-05-23T00:00:00Z,320
2008-05-24T00:00:00Z,320
2008-05-25T00:00:00Z,320
2008-05-26T00:00:00Z,320
2008-05-27T00:00:00Z,320
2008-05-28T00:00:00Z,320
2008-05-29T00:00:00Z,320
2008-05-30T00:00:00Z,320
2008-05-31T00:00:00Z,320
2008-06-01T00:00:00Z,320
2008-06-02T00:00:00Z,320
2008-06-03T00:00:00Z,320
2008-06-04T00:00:00Z,320
2008-06-05T00:00:00Z,320
2008-06-06T00:00:00Z,320
2008-06-07T00:00:00Z,320
2008-06-08T00:00:00Z,320
2008-06-09T00:00:00Z,320
2008-06-10T00:00:00Z,320
2008-06-11T00:00:00Z,320
2008-06-12T00:00:00Z,320
2008-06-13T00:00:00Z,320
2008-06-14T00:00:00Z,320
2008-06-15T00:00:00Z,320
2008-06-16T00:00:00Z,320
2008-06-17T00:00:00Z,320
2008-06-18T00:00:00Z,320
2008-06-19T00:00:00Z,320
2008-06-20T00:00:00Z,320
2008-06-21T00:00:00Z,320
2008-06-22T00:00:00Z,320
2008-06-23T00:00:00Z,320
2008-06-24T00:00:00Z,320
2008-06-25T00:00:00Z,320
2008-06-26T00:00:00Z,320
2008-06-27T00:00:00Z,320
2008-06-28T00:00:00Z,320
2008-06-29T00:00:00Z,320
2008-06-30T00:00:00Z,320
2008-07-01T00:00:00Z,320
2008-07-02T00:00:00Z,320
2008-07-03T00:00:00Z,320
2008-07-04T00:00:00Z,320
2008-07-05T00:00:00Z,320
2008-07-06T00:00:00Z,320
2008-07-07T00:00:00Z,320
2008-07-08T00:00:00Z,320
2008-07-09T00:00:00Z,320
2008-07-10T00:00:00Z,320
2008-07-11T00:00:00Z,320
2008-07-12T00:00:00Z,320
2008-07-13T00:00:00Z,320
2008-07-14T00:00:00Z,320
2008-07-15T00:00:00Z,320
2008-07-16T00:00:00Z,320
2008-07-17T00:00:00Z,320
2008-07-18T00:00:00Z,320
2008-07-19T00:00:00Z,320
2008-07-20T00:00:00Z,320
2008-07-21T00:00:00Z,320
2008-07-22T00:00:00Z,320
2008-07-23T00:00:00Z,320
2008-07-24T00:00:00Z,320
2008-07-25T00:00:00Z,320
2008-07-26T00:00:00Z,320
2008-07-27T00:00:00Z,320
2008-07-28T00:00:00Z,320
2008-07-29T00:00:00Z,320
2008-07-30T00:00:00Z,320
2008-07-31T00:00:00Z,320
2008-08-01T00:00:00Z,320
2008-08-02T00:00:00Z,320
2008-08-03T00:00:00Z,320
2008-08-04T00:00:00Z,320
2008-08-05T00:00:00Z,320
2008-08-06T00:00:00Z,320
2008-08-07T00:00:00Z,320
2008-08-08T00:00:00Z,320
2008-08-09T00:00:00Z,320
2008-08-10T00:00:00Z,320
2008-08-11T00:00:00Z,320
2008-08-12T00:00:00Z,320
2008-08-13T00:00:00Z,320
2008-08-14T00:00:00Z,320
2008-08-15T00:00:00Z,320
2008-08-16T00:00:00Z,320
2008-08-17T00:00:00Z,320
2008-08-18T00:00:00Z,320
2008-08-19T00:00:00Z,320
2008-08-20T00:00:00Z,321
2008-08-21T00:00:00Z,321
2008-08-22T00:00:00Z,321
2008-08-23T00:00:00Z,321
2008-08-24T00:00:00Z,321
2008-08-25T00:00:00Z,321
2008-08-26T00:00:00Z,321
2008-08-27T00:00:00Z,321
2008-08-28T00:00:00Z,321
2008-08-29T00:00:00Z,321
2008-08-30T00:00:00Z,321
2008-08-31T00:00:00Z,321
2008-09-01T00:00:00Z,321
2008-09-02T00:00:00Z,321
2008-09-03T00:00:00Z,321
2008-09-04T00:00:00Z,321
2008-09-05T00:00:00Z,321
2008-09-06T00:00:00Z,321
2008-09-07T00:00:00Z,321
2008-09-08T00:00:00Z,321
2008-09-09T00:00:00Z,321
2008-09-10T00:00:00Z,321
2008-09-11T00:00:00Z,321
2008-09-12T00:00:00Z,321
2008-09-13T00:00:00Z,321
2008-09-14T00:00:00Z,321
2008-09-15T00:00:00Z,321
2008-09-16T00:00:00Z,321
2008-09-17T00:00:00Z,321
2008-09-18T00:00:00Z,321
2008-09-19T00:00:00Z,321
2008-09-20T00:00:00Z,321
2008-09-21T00:00:00Z,321
2008-09-22T00:00:00Z,321
2008-09-23T00:00:00Z,321
2008-09-24T00:00:00Z,321
2008-09-25T00:00:00Z,321
2008-09-26T00:00:00Z,321
2008-09-27T00:00:00Z,321
2008-09-28T00:00:00Z,321
2008-09-29T00:00:00Z,321
2008-09-30T00:00:00Z,321
2008-10-01T00:00:00Z,321
2008-10-02T00:00:00Z,321
2008-10-03T00:00:00Z,321
2008-10-04T00:00:00Z,321
2008-10-05T00:00:00Z,321
2008-10-06T00:00:00Z,321
2008-10-07T00:00:00Z,321
2008-10-08T00:00:00Z,321
2008-10-09T00:00:00Z,322
2008-10-10T00:00:00Z,322
2008-10-11T00:00:00Z,322
2008-10-12T00:00:00Z,322
2008-10-13T00:00:00Z,322
2008-10-14T00:00:00Z,322
2008-10-15T00:00:00Z,322
2008-10-16T00:00:00Z,321
2008-10-17T00:00:00Z,321
2008-10-18T00:00:00Z,321
2008-10-19T00:00:00Z,321
2008-10-20T00:00:00Z,321
2008-10-21T00:00:00Z,321
2008-10-22T00:00:00Z,321
2008-10-23T00:00:00Z,321
2008-10-24T00:00:00Z,321
2008-10-25T00:00:00Z,321
2008-10-26T00:00:00Z,321
2008-10-27T00:00:00Z,321
2008-10-28T00:00:00Z,321
2008-10-29T00:00:00Z,321
2008-10-30T00:00:00Z,321
2008-10-31T00:00:00Z,321
2008-11-01T00:00:00Z,321
2008-11-02T00:00:00Z,321
2008-11-03T00:00:00Z,321
2008-11-04T00:00:00Z,321
2008-11-05T00:00:00Z,321
2008-11-06T00:00:00Z,321
2008-11-07T00:00:00Z,321
2008-11-08T00:00:00Z,321
2008-11-09T00:00:00Z,321
2008-11-10T00:00:00Z,321
2008-11-11T00:00:00Z,321
2008-11-12T00:00:00Z,321
2008-11-13T00:00:00Z,321
2008-11-14T00:00:00Z,321
2008-11-15T00:00:00Z,321
2008-11-16T00:00:00Z,321
2008-11-17T00:00:00Z,321
2008-11-18T00:00:00Z,321
2008-11-19T00:00:00Z,321
2008-11-20T00:00:00Z,321
2008-11-21T00:00:00Z,321
2008-11-22T00:00:00Z,321
2008-11-23T00:00:00Z,321
2008-11-24T00:00:00Z,321
2008-11-25T00:00:00Z,321
2008-11-26T00:00:00Z,321
2008-11-27T00:00:00Z,321
2008-11-28T00:00:00Z,321
2008-11-29T00:00:00Z,321
2008-11-30T00:00:00Z,321
2008-12-01T00:00:00Z,321
2008-12-02T00:00:00Z,321
2008-12-03T00:00:00Z,321
2008-12-04T00:00:00Z,321
2008-12-05T00:00:00Z,321
2008-12-06T00:00:00Z,321
2008-12-07T00:00:00Z,321
2008-12-08T00:00:00Z,321
2008-12-09T00:00:00Z,321
2008-12-10T00:00:00Z,321
2008-12-11T00:00:00Z,321
2008-12-12T00:00:00Z,321
2008-12-13T00:00:00Z,321
2008-12-14T00:00:00Z,321
2008-12-15T00:00:00Z,321
2008-12-16T00:00:00Z,321
2008-12-17T00:00:00Z,321
2008-12-18T00:00:00Z,321
2008-12-19T00:00:00Z,321
2008-12-20T00:00:00Z,321
2008-12-21T00:00:00Z,321
2008-12-22T00:00:00Z,321
2008-12-23T00:00:00Z,321
2008-12-24T00:00:00Z,321
2008-12-25T00:00:00Z,321
2008-12-26T00:00:00Z,321
2008-12-27T00:00:00Z,321
2008-12-28T00:00:00Z,321
2008-12-29T00:00:00Z,321
2008-12-30T00:00:00Z,321
2008-12-31T00:00:00Z,321
2009-01-01T00:00:00Z,321
2009-01-02T00:00:00Z,321
2009-01-03T00:00:00Z,321
2009-01-04T00:00:00Z,321
2009-01-05T00:00:00Z,321
2009-01-06T00:00:00Z,321
2009-01-07T00:00:00Z,321
2009-01-08T00:00:00Z,321
2009-01-09T00:00:00Z,321
2009-01-10T00:00:00Z,321
2009-01-11T00:00:00Z,321
2009-01-12T00:00:00Z,321
2009-01-13T00:00:00Z,321
2009-01-14T00:00:00Z,321
2009-01-15T00:00:00Z,321
2009-01-16T00:00:00Z,321
2009-01-17T00:00:00Z,321
2009-01-18T00:00:00Z,321
2009-01-19T00:00:00Z,321
2009-01-20T00:00:00Z,321
2009-01-21T00:00:00Z,321
2009-01-22T00:00:00Z,321
2009-01-23T00:00:00Z,321
2009-01-24T00:00:00Z,321
2009-01-25T00:00:00Z,321
2009-01-26T00:00:00Z,321
2009-01-27T00:00:00Z,321
2009-01-28T00:00:00Z,321
2009-01-29T00:00:00Z,321
2009-01-30T00:00:00Z,321
2009-01-31T00:00:00Z,321
2009-02-01T00:00:00Z,321
2009-02-02T00:00:00Z,321
2009-02-03T00:00:00Z,321
2009-02-04T00:00:00Z,321
2009-02-05T00:00:00Z,321
2009-02-06T00:00:00Z,321
2009-02-07T00:00:00Z,321
2009-02-08T00:00:00Z,321
2009-02-09T00:00:00Z,321
2009-02-10T00:00:00Z,321
2009-02-11T00:00:00Z,321
2009-02-12T00:00:00Z,321
2009-02-13T00:00:00Z,321
2009-02-14T00:00:00Z,321
2009-02-15T00:00:00Z,321
2009-02-16T00:00:00Z,321
2009-02-17T00:00:00Z,321
2009-02-18T00:00:00Z,321
2009-02-19T00:00:00Z,321
2009-02-20T00:00:00Z,321
2009-02-21T00:00:00Z,321
2009-02-22T00:00:00Z,321
2009-02-23T00:00:00Z,321
2009-02-24T00:00:00Z,321
2009-02-25T00:00:00Z,321
2009-02-26T00:00:00Z,321
2009-02-27T00:00:00Z,321
2009-02-28T00:00:00Z,321
2009-03-01T00:00:00Z,321
2009-03-02T00:00:00Z,321
2009-03-03T00:00:00Z,321
2009-03-04T00:00:00Z,321
2009-03-05T00:00:00Z,321
2009-03-06T00:00:00Z,321
2009-03-07T00:00:00Z,321
2009-03-08T00:00:00Z,321
2009-03-09T00:00:00Z,321
2009-03-10T00:00:00Z,321
2009-03-11T00:00:00Z,321
2009-03-12T00:00:00Z,321
2009-03-13T00:00:00Z,321
2009-03-14T00:00:00Z,321
2009-03-15T00:00:00Z,321
2009-03-16T00:00:00Z,321
2009-03-17T00:00:00Z,321
2009-03-18T00:00:00Z,321
2009-03-19T00:00:00Z,321
2009-03-20T00:00:00Z,321
2009-03-21T00:00:00Z,321
2009-03-22T00:00:00Z,321
2009-03-23T00:00:00Z,321
2009-03-24T00:00:00Z,321
2009-03-25T00:00:00Z,321
2009-03-26T00:00:00Z,321
2009-03-27T00:00:00Z,321
2009-03-28T00:00:00Z,321
2009-03-29T00:00:00Z,321
2009-03-30T00:00:00Z,321
2009-03-31T00:00:00Z,321
2009-04-01T00:00:00Z,321
2009-04-02T00:00:00Z,321
2009-04-03T00:00:00Z,321
2009-04-04T00:00:00Z,321
2009-04-05T00:00:00Z,321
2009-04-06T00:00:00Z,321
2009-04-07T00:00:00Z,321
2009-04-08T00:00:00Z,321
2009-04-09T00:00:00Z,321
2009-04-10T00:00:00Z,321
2009-04-11T00:00:00Z,321
2009-04-12T00:00:00Z,321
2009-04-13T00:00:00Z,321
2009-04-14T00:00:00Z,321
2009-04-15T00:00:00Z,321
2009-04-16T00:00:00Z,321
2009-04-17T00:00:00Z,321
2009-04-18T00:00:00Z,321
2009-04-19T00:00:00Z,321
2009-04-20T00:00:00Z,321
2009-04-21T00:00:00Z,321
2009-04-22T00:00:00Z,321
2009-04-23T00:00:00Z,321
2009-04-24T00:00:00Z,321
2009-04-25T00:00:00Z,321
2009-04-26T00:00:00Z,321
2009-04-27T00:00:00Z,321
2009-04-28T00:00:00Z,321
2009-04-29T00:00:00Z,321
2009-04-30T00:00:00Z,321
2009-05-01T00:00:00Z,321
2009-05-02T00:00:00Z,321
2009-05-03T00:00:00Z,321
2009-05-04T00:00:00Z,321
2009-05-05T00:00:00Z,321
2009-05-06T00:00:00Z,321
2009-05-07T00:00:00Z,321
2009-05-08T00:00:00Z,321
2009-05-09T00:00:00Z,321
2009-05-10T00:00:00Z,321
2009-05-11T00:00:00Z,321
2009-05-12T00:00:00Z,321
2009-05-13T00:00:00Z,321
2009-05-14T00:00:00Z,321
2009-05-15T00:00:00Z,321
2009-05-16T00:00:00Z,321
2009-05-17T00:00:00Z,321
2009-05-18T00:00:00Z,321
2009-05-19T00:00:00Z,321
2009-05-20T00:00:00Z,321
2009-05-21T00:00:00Z,321
2009-05-22T00:00:00Z,321
2009-05-23T00:00:00Z,321
2009-05-24T00:00:00Z,321
2009-05-25T00:00:00Z,324
2009-05-26T00:00:00Z,324
2009-05-27T00:00:00Z,324
2009-05-28T00:00:00Z,324
2009-05-29T00:00:00Z,324
2009-05-30T00:00:00Z,324
2009-05-31T00:00:00Z,324
2009-06-01T00:00:00Z,324
2009-06-02T00:00:00Z,324
2009-06-03T00:00:00Z,324
2009-06-04T00:00:00Z,324
2009-06-05T00:00:00Z,324
2009-06-06T00:00:00Z,324
2009-06-07T00:00:00Z,324
2009-06-08T00:00:00Z,324
2009-06-09T00:00:00Z,324
2009-06-10T00:00:00Z,324
2009-06-11T00:00:00Z,324
2009-06-12T00:00:00Z,324
2009-06-13T00:00:00Z,324
2009-06-14T00:00:00Z,324
2009-06-15T00:00:00Z,324
2009-06-16T00:00:00Z,324
2009-06-17T00:00:00Z,324
2009-06-18T00:00:00Z,324
2009-06-19T00:00:00Z,324
2009-06-20T00:00:00Z,324
2009-06-21T00:00:00Z,324
2009-06-22T00:00:00Z,324
2009-06-23T00:00:00Z,324
2009-06-24T00:00:00Z,324
2009-06-25T00:00:00Z,324
2009-06-26T00:00:00Z,324
2009-06-27T00:00:00Z,324
2009-06-28T00:00:00Z,324
2009-06-29T00:00:00Z,324
2009-06-30T00:00:00Z,324
2009-07-01T00:00:00Z,326
2009-07-02T00:00:00Z,328
2009-07-03T00:00:00Z,328
2009-07-04T00:00:00Z,328
2009-07-05T00:00:00Z,328
2009-07-06T00:00:00Z,328
2009-07-07T00:00:00Z,328
2009-07-08T00:00:00Z,328
2009-07-09T00:00:00Z,328
2009-07-10T00:00:00Z,328
2009-07-11T00:00:00Z,328
2009-07-12T00:00:00Z,328
2009-07-13T00:00:00Z,328
2009-07-14T00:00:00Z,328
2009-07-15T00:00:00Z,328
2009-07-16T00:00:00Z,328
2009-07-17T00:00:00Z,328
2009-07-18T00:00:00Z,328
2009-07-19T00:00:00Z,328
2009-07-20T00:00:00Z,328
2009-07-21T00:00:00Z,328
2009-07-22T00:00:00Z,328
2009-07-23T00:00:00Z,328
2009-07-24T00:00:00Z,328
2009-07-25T00:00:00Z,328
2009-07-26T00:00:00Z,328
2009-07-27T00:00:00Z,328
2009-07-28T00:00:00Z,328
2009-07-29T00:00:00Z,328
2009-07-30T00:00:00Z,328
2009-07-31T00:00:00Z,328
2009-08-01T00:00:00Z,328
2009-08-02T00:00:00Z,328
2009-08-03T00:00:00Z,328
2009-08-04T00:00:00Z,328
2009-08-05T00:00:00Z,328
2009-08-06T00:00:00Z,328
2009-08-07T00:00:00Z,328
2009-08-08T00:00:00Z,328
2009-08-09T00:00:00Z,328
2009-08-10T00:00:00Z,328
2009-08-11T00:00:00Z,328
2009-08-12T00:00:00Z,328
2009-08-13T00:00:00Z,328
2009-08-14T00:00:00Z,328
2009-08-15T00:00:00Z,328
2009-08-16T00:00:00Z,328
2009-08-17T00:00:00Z,328
2009-08-18T00:00:00Z,328
2009-08-19T00:00:00Z,328
2009-08-20T00:00:00Z,328
2009-08-21T00:00:00Z,328
2009-08-22T00:00:00Z,328
2009-08-23T00:00:00Z,328
2009-08-24T00:00:00Z,328
2009-08-25T00:00:00Z,328
2009-08-26T00:00:00Z,328
2009-08-27T00:00:00Z,328
2009-08-28T00:00:00Z,328
2009-08-29T00:00:00Z,328
2009-08-30T00:00:00Z,328
2009-08-31T00:00:00Z,328
2009-09-01T00:00:00Z,328
2009-09-02T00:00:00Z,275
2009-09-03T00:00:00Z,275
2009-09-04T00:00:00Z,275
2009-09-05T00:00:00Z,275
2009-09-06T00:00:00Z,275
2009-09-07T00:00:00Z,275
2009-09-08T00:00:00Z,275
2009-09-09T00:00:00Z,275
2009-09-10T00:00:00Z,275
2009-09-11T00:00:00Z,275
2009-09-12T00:00:00Z,275
2009-09-13T00:00:00Z,275
2009-09-14T00:00:00Z,275
2009-09-15T00:00:00Z,275
2009-09-16T00:00:00Z,275
2009-09-17T00:00:00Z,275
2009-09-18T00:00:00Z,275
2009-09-19T00:00:00Z,275
2009-09-20T00:00:00Z,275
2009-09-21T00:00:00Z,276
2009-09-22T00:00:00Z,276
2009-09-23T00:00:00Z,276
2009-09-24T00:00:00Z,276
2009-09-25T00:00:00Z,276
2009-09-26T00:00:00Z,276
2009-09-27T00:00:00Z,276
2009-09-28T00:00:00Z,276
2009-09-29T00:00:00Z,276
2009-09-30T00:00:00Z,276
2009-10-01T00:00:00Z,276
2009-10-02T00:00:00Z,276
2009-10-03T00:00:00Z,276
2009-10-04T00:00:00Z,276
2009-10-05T00:00:00Z,276
2009-10-06T00:00:00Z,276
2009-10-07T00:00:00Z,276
2009-10-08T00:00:00Z,276
2009-10-09T00:00:00Z,276
2009-10-10T00:00:00Z,276
2009-10-11T00:00:00Z,276
2009-10-12T00:00:00Z,276
2009-10-13T00:00:00Z,276
2009-10-14T00:00:00Z,276
2009-10-15T00:00:00Z,276
2009-10-16T00:00:00Z,276
2009-10-17T00:00:00Z,276
2009-10-18T00:00:00Z,276
2009-10-19T00:00:00Z,276
2009-10-20T00:00:00Z,276
2009-10-21T00:00:00Z,276
2009-10-22T00:00:00Z,276
2009-10-23T00:00:00Z,276
2009-10-24T00:00:00Z,276
2009-10-25T00:00:00Z,276
2009-10-26T00:00:00Z,276
2009-10-27T00:00:00Z,276
2009-10-28T00:00:00Z,276
2009-10-29T00:00:00Z,276
2009-10-30T00:00:00Z,276
2009-10-31T00:00:00Z,276
2009-11-01T00:00:00Z,276
2009-11-02T00:00:00Z,276
2009-11-03T00:00:00Z,276
2009-11-04T00:00:00Z,276
2009-11-05T00:00:00Z,276
2009-11-06T00:00:00Z,276
2009-11-07T00:00:00Z,276
2009-11-08T00:00:00Z,276
2009-11-09T00:00:00Z,276
2009-11-10T00:00:00Z,276
2009-11-11T00:00:00Z,276
2009-11-12T00:00:00Z,276
2009-11-13T00:00:00Z,276
2009-11-14T00:00:00Z,276
2009-11-15T00:00:00Z,276
2009-11-16T00:00:00Z,276
2009-11-17T00:00:00Z,276
2009-11-18T00:00:00Z,276
2009-11-19T00:00:00Z,276
2009-11-20T00:00:00Z,276
2009-11-21T00:00:00Z,276
2009-11-22T00:00:00Z,276
2009-11-23T00:00:00Z,276
2009-11-24T00:00:00Z,276
2009-11-25T00:00:00Z,276
2009-11-26T00:00:00Z,276
2009-11-27T00:00:00Z,276
2009-11-28T00:00:00Z,276
2009-11-29T00:00:00Z,276
2009-11-30T00:00:00Z,276
2009-12-01T00:00:00Z,276
2009-12-02T00:00:00Z,276
2009-12-03T00:00:00Z,276
2009-12-04T00:00:00Z,276
2009-12-05T00:00:00Z,276
2009-12-06T00:00:00Z,276
2009-12-07T00:00:00Z,276
2009-12-08T00:00:00Z,276
2009-12-09T00:00:00Z,276
2009-12-10T00:00:00Z,276
2009-12-11T00:00:00Z,276
2009-12-12T00:00:00Z,276
2009-12-13T00:00:00Z,276
2009-12-14T00:00:00Z,276
2009-12-15T00:00:00Z,276
2009-12-16T00:00:00Z,279
2009-12-17T00:00:00Z,279
2009-12-18T00:00:00Z,279
2009-12-19T00:00:00Z,279
2009-12-20T00:00:00Z,279
2009-12-21T00:00:00Z,279
2009-12-22T00:00:00Z,279
2009-12-23T00:00:00Z,279
2009-12-24T00:00:00Z,279
2009-12-25T00:00:00Z,279
2009-12-26T00:00:00Z,279
2009-12-27T00:00:00Z,279
2009-12-28T00:00:00Z,279
2009-12-29T00:00:00Z,279
2009-12-30T00:00:00Z,279
2009-12-31T00:00:00Z,279
2010-01-01T00:00:00Z,279
2010-01-02T00:00:00Z,279
2010-01-03T00:00:00Z,279
2010-01-04T00:00:00Z,279
2010-01-05T00:00:00Z,279
2010-01-06T00:00:00Z,279
2010-01-07T00:00:00Z,279
2010-01-08T00:00:00Z,279
2010-01-09T00:00:00Z,279
2010-01-10T00:00:00Z,279
2010-01-11T00:00:00Z,279
2010-01-12T00:00:00Z,279
2010-01-13T00:00:00Z,279
2010-01-14T00:00:00Z,279
2010-01-15T00:00:00Z,279
2010-01-16T00:00:00Z,279
2010-01-17T00:00:00Z,279
2010-01-18T00:00:00Z,279
2010-01-19T00:00:00Z,279
2010-01-20T00:00:00Z,279
2010-01-21T00:00:00Z,279
2010-01-22T00:00:00Z,279
2010-01-23T00:00:00Z,279
2010-01-24T00:00:00Z,279
2010-01-25T00:00:00Z,279
2010-01-26T00:00:00Z,279
2010-01-27T00:00:00Z,279
2010-01-28T00:00:00Z,279
2010-01-29T00:00:00Z,279
2010-01-30T00:00:00Z,279
2010-01-31T00:00:00Z,279
2010-02-01T00:00:00Z,279
2010-02-02T00:00:00Z,279
2010-02-03T00:00:00Z,279
2010-02-04T00:00:00Z,279
2010-02-05T00:00:00Z,279
2010-02-06T00:00:00Z,279
2010-02-07T00:00:00Z,279
2010-02-08T00:00:00Z,279
2010-02-09T00:00:00Z,279
2010-02-10T00:00:00Z,279
2010-02-11T00:00:00Z,279
2010-02-12T00:00:00Z,279
2010-02-13T00:00:00Z,279
2010-02-14T00:00:00Z,279
2010-02-15T00:00:00Z,279
2010-02-16T00:00:00Z,279
2010-02-17T00:00:00Z,279
2010-02-18T00:00:00Z,279
2010-02-19T00:00:00Z,279
2010-02-20T00:00:00Z,279
2010-02-21T00:00:00Z,279
2010-02-22T00:00:00Z,279
2010-02-23T00:00:00Z,279
2010-02-24T00:00:00Z,279
2010-02-25T00:00:00Z,279
2010-02-26T00:00:00Z,279
2010-02-27T00:00:00Z,279
2010-02-28T00:00:00Z,279
2010-03-01T00:00:00Z,279
2010-03-02T00:00:00Z,279
2010-03-03T00:00:00Z,279
2010-03-04T00:00:00Z,279
2010-03-05T00:00:00Z,279
2010-03-06T00:00:00Z,279
2010-03-07T00:00:00Z,279
2010-03-08T00:00:00Z,279
2010-03-09T00:00:00Z,279
2010-03-10T00:00:00Z,279
2010-03-11T00:00:00Z,279
2010-03-12T00:00:00Z,279
2010-03-13T00:00:00Z,279
2010-03-14T00:00:00Z,279
2010-03-15T00:00:00Z,279
2010-03-16T00:00:00Z,279
2010-03-17T00:00:00Z,279
2010-03-18T00:00:00Z,279
2010-03-19T00:00:00Z,279
2010-03-20T00:00:00Z,279
2010-03-21T00:00:00Z,279
2010-03-22T00:00:00Z,279
2010-03-23T00:00:00Z,279
2010-03-24T00:00:00Z,279
2010-03-25T00:00:00Z,279
2010-03-26T00:00:00Z,279
2010-03-27T00:00:00Z,279
2010-03-28T00:00:00Z,279
2010-03-29T00:00:00Z,279
2010-03-30T00:00:00Z,279
2010-03-31T00:00:00Z,279
2010-04-01T00:00:00Z,279
2010-04-02T00:00:00Z,279
2010-04-03T00:00:00Z,279
2010-04-04T00:00:00Z,279
2010-04-05T00:00:00Z,279
2010-04-06T00:00:00Z,279
2010-04-07T00:00:00Z,279
2010-04-08T00:00:00Z,279
2010-04-09T00:00:00Z,279
2010-04-10T00:00:00Z,279
2010-04-11T00:00:00Z,279
2010-04-12T00:00:00Z,279
2010-04-13T00:00:00Z,279
2010-04-14T00:00:00Z,279
2010-04-15T00:00:00Z,279
2010-04-16T00:00:00Z,279
2010-04-17T00:00:00Z,279
2010-04-18T00:00:00Z,279
2010-04-19T00:00:00Z,279
2010-04-20T00:00:00Z,279
2010-04-21T00:00:00Z,279
2010-04-22T00:00:00Z,279
2010-04-23T00:00:00Z,279
2010-04-24T00:00:00Z,279
2010-04-25T00:00:00Z,279
2010-04-26T00:00:00Z,279
2010-04-27T00:00:00Z,279
2010-04-28T00:00:00Z,279
2010-04-29T00:00:00Z,279
2010-04-30T00:00:00Z,279
2010-05-01T00:00:00Z,279
2010-05-02T00:00:00Z,279
2010-05-03T00:00:00Z,279
2010-05-04T00:00:00Z,279
2010-05-05T00:00:00Z,279
2010-05-06T00:00:00Z,279
2010-05-07T00:00:00Z,279
2010-05-08T00:00:00Z,279
2010-05-09T00:00:00Z,279
2010-05-10T00:00:00Z,279
2010-05-11T00:00:00Z,279
2010-05-12T00:00:00Z,279
2010-05-13T00:00:00Z,279
2010-05-14T00:00:00Z,279
2010-05-15T00:00:00Z,279
2010-05-16T00:00:00Z,279
2010-05-17T00:00:00Z,279
2010-05-18T00:00:00Z,279
2010-05-19T00:00:00Z,279
2010-05-20T00:00:00Z,279
2010-05-21T00:00:00Z,279
2010-05-22T00:00:00Z,279
2010-05-23T00:00:00Z,279
2010-05-24T00:00:00Z,279
2010-05-25T00:00:00Z,279
2010-05-26T00:00:00Z,279
2010-05-27T00:00:00Z,279
2010-05-28T00:00:00Z,279
2010-05-29T00:00:00Z,279
2010-05-30T00:00:00Z,279
2010-05-31T00:00:00Z,279
2010-06-01T00:00:00Z,279
2010-06-02T00:00:00Z,279
2010-06-03T00:00:00Z,279
2010-06-04T00:00:00Z,279
2010-06-05T00:00:00Z,279
2010-06-06T00:00:00Z,279
2010-06-07T00:00:00Z,279
2010-06-08T00:00:00Z,279
2010-06-09T00:00:00Z,279
2010-06-10T00:00:00Z,279
2010-06-11T00:00:00Z,279
2010-06-12T00:00:00Z,279
2010-06-13T00:00:00Z,279
2010-06-14T00:00:00Z,279
2010-06-15T00:00:00Z,279
2010-06-16T00:00:00Z,279
2010-06-17T00:00:00Z,279
2010-06-18T00:00:00Z,279
2010-06-19T00:00:00Z,279
2010-06-20T00:00:00Z,279
2010-06-21T00:00:00Z,279
2010-06-22T00:00:00Z,279
2010-06-23T00:00:00Z,279
2010-06-24T00:00:00Z,279
2010-06-25T00:00:00Z,279
2010-06-26T00:00:00Z,279
2010-06-27T00:00:00Z,279
2010-06-28T00:00:00Z,279
2010-06-29T00:00:00Z,279
2010-06-30T00:00:00Z,279
2010-07-01T00:00:00Z,279
2010-07-02T00:00:00Z,279
2010-07-03T00:00:00Z,279
2010-07-04T00:00:00Z,279
2010-07-05T00:00:00Z,279
2010-07-06T00:00:00Z,279
2010-07-07T00:00:00Z,279
2010-07-08T00:00:00Z,279
2010-07-09T00:00:00Z,279
2010-07-10T00:00:00Z,279
2010-07-11T00:00:00Z,279
2010-07-12T00:00:00Z,279
2010-07-13T00:00:00Z,279
2010-07-14T00:00:00Z,279
2010-07-15T00:00:00Z,279
2010-07-16T00:00:00Z,279
2010-07-17T00:00:00Z,279
2010-07-18T00:00:00Z,279
2010-07-19T00:00:00Z,279
2010-07-20T00:00:00Z,279
2010-07-21T00:00:00Z,279
2010-07-22T00:00:00Z,279
2010-07-23T00:00:00Z,279
2010-07-24T00:00:00Z,279
2010-07-25T00:00:00Z,279
2010-07-26T00:00:00Z,279
2010-07-27T00:00:00Z,279
2010-07-28T00:00:00Z,287
2010-07-29T00:00:00Z,287
2010-07-30T00:00:00Z,287
2010-07-31T00:00:00Z,287
2010-08-01T00:00:00Z,287
2010-08-02T00:00:00Z,287
2010-08-03T00:00:00Z,287
2010-08-04T00:00:00Z,287
2010-08-05T00:00:00Z,287
2010-08-06T00:00:00Z,287
2010-08-07T00:00:00Z,287
2010-08-08T00:00:00Z,287
2010-08-09T00:00:00Z,287
2010-08-10T00:00:00Z,287
2010-08-11T00:00:00Z,287
2010-08-12T00:00:00Z,287
2010-08-13T00:00:00Z,287
2010-08-14T00:00:00Z,287
2010-08-15T00:00:00Z,287
2010-08-16T00:00:00Z,287
2010-08-17T00:00:00Z,287
2010-08-18T00:00:00Z,287
2010-08-19T00:00:00Z,287
2010-08-20T00:00:00Z,287
2010-08-21T00:00:00Z,289
2010-08-22T00:00:00Z,289
2010-08-23T00:00:00Z,289
2010-08-24T00:00:00Z,300
2010-08-25T00:00:00Z,300
2010-08-26T00:00:00Z,300
2010-08-27T00:00:00Z,300
2010-08-28T00:00:00Z,300
2010-08-29T00:00:00Z,300
2010-08-30T00:00:00Z,300
2010-08-31T00:00:00Z,300
2010-09-01T00:00:00Z,300
2010-09-02T00:00:00Z,300
2010-09-03T00:00:00Z,300
2010-09-04T00:00:00Z,300
2010-09-05T00:00:00Z,300
2010-09-06T00:00:00Z,300
2010-09-07T00:00:00Z,300
2010-09-08T00:00:00Z,300
2010-09-09T00:00:00Z,300
2010-09-10T00:00:00Z,300
2010-09-11T00:00:00Z,300
2010-09-12T00:00:00Z,300
2010-09-13T00:00:00Z,300
2010-09-14T00:00:00Z,300
2010-09-15T00:00:00Z,300
2010-09-16T00:00:00Z,300
2010-09-17T00:00:00Z,300
2010-09-18T00:00:00Z,300
2010-09-19T00:00:00Z,300
2010-09-20T00:00:00Z,300
2010-09-21T00:00:00Z,300
2010-09-22T00:00:00Z,300
2010-09-23T00:00:00Z,300
2010-09-24T00:00:00Z,300
2010-09-25T00:00:00Z,300
2010-09-26T00:00:00Z,341
2010-09-27T00:00:00Z,341
2010-09-28T00:00:00Z,341
2010-09-29T00:00:00Z,341
2010-09-30T00:00:00Z,341
2010-10-01T00:00:00Z,341
2010-10-02T00:00:00Z,341
2010-10-03T00:00:00Z,341
2010-10-04T00:00:00Z,341
2010-10-05T00:00:00Z,341
2010-10-06T00:00:00Z,341
2010-10-07T00:00:00Z,341
2010-10-08T00:00:00Z,341
2010-10-09T00:00:00Z,341
2010-10-10T00:00:00Z,341
2010-10-11T00:00:00Z,341
2010-10-12T00:00:00Z,341
2010-10-13T00:00:00Z,341
2010-10-14T00:00:00Z,341
2010-10-15T00:00:00Z,341
2010-10-16T00:00:00Z,341
2010-10-17T00:00:00Z,341
2010-10-18T00:00:00Z,342
2010-10-19T00:00:00Z,342
2010-10-20T00:00:00Z,342
2010-10-21T00:00:00Z,342
2010-10-22T00:00:00Z,342
2010-10-23T00:00:00Z,342
2010-10-24T00:00:00Z,342
2010-10-25T00:00:00Z,342
2010-10-26T00:00:00Z,342
2010-10-27T00:00:00Z,342
2010-10-28T00:00:00Z,342
2010-10-29T00:00:00Z,342
2010-10-30T00:00:00Z,342
2010-10-31T00:00:00Z,342
2010-11-01T00:00:00Z,342
2010-11-02T00:00:00Z,342
2010-11-03T00:00:00Z,342
2010-11-04T00:00:00Z,342
2010-11-05T00:00:00Z,342
2010-11-06T00:00:00Z,342
2010-11-07T00:00:00Z,342
2010-11-08T00:00:00Z,342
2010-11-09T00:00:00Z,342
2010-11-10T00:00:00Z,342
2010-11-11T00:00:00Z,342
2010-11-12T00:00:00Z,342
2010-11-13T00:00:00Z,342
2010-11-14T00:00:00Z,342
2010-11-15T00:00:00Z,342
2010-11-16T00:00:00Z,342
2010-11-17T00:00:00Z,342
2010-11-18T00:00:00Z,342
2010-11-19T00:00:00Z,342
2010-11-20T00:00:00Z,342
2010-11-21T00:00:00Z,342
2010-11-22T00:00:00Z,342
2010-11-23T00:00:00Z,342
2010-11-24T00:00:00Z,342
2010-11-25T00:00:00Z,342
2010-11-26T00:00:00Z,342
2010-11-27T00:00:00Z,342
2010-11-28T00:00:00Z,342
2010-11-29T00:00:00Z,342
2010-11-30T00:00:00Z,342
2010-12-01T00:00:00Z,342
2010-12-02T00:00:00Z,342
2010-12-03T00:00:00Z,342
2010-12-04T00:00:00Z,342
2010-12-05T00:00:00Z,342
2010-12-06T00:00:00Z,342
2010-12-07T00:00:00Z,342
2010-12-08T00:00:00Z,342
2010-12-09T00:00:00Z,342
2010-12-10T00:00:00Z,342
2010-12-11T00:00:00Z,342
2010-12-12T00:00:00Z,342
2010-12-13T00:00:00Z,342
2010-12-14T00:00:00Z,342
2010-12-15T00:00:00Z,343
2010-12-16T00:00:00Z,343
2010-12-17T00:00:00Z,343
2010-12-18T00:00:00Z,346
2010-12-19T00:00:00Z,345
2010-12-20T00:00:00Z,345
2010-12-21T00:00:00Z,345
2010-12-22T00:00:00Z,345
2010-12-23T00:00:00Z,345
2010-12-24T00:00:00Z,345
2010-12-25T00:00:00Z,345
2010-12-26T00:00:00Z,345
2010-12-27T00:00:00Z,345
2010-12-28T00:00:00Z,345
2010-12-29T00:00:00Z,345
2010-12-30T00:00:00Z,345
2010-12-31T00:00:00Z,450
2011-01-01T00:00:00Z,450
2011-01-02T00:00:00Z,450
2011-01-03T00:00:00Z,450
2011-01-04T00:00:00Z,450
2011-01-05T00:00:00Z,450
2011-01-06T00:00:00Z,450
2011-01-07T00:00:00Z,450
2011-01-08T00:00:00Z,450
2011-01-09T00:00:00Z,450
2011-01-10T00:00:00Z,450
2011-01-11T00:00:00Z,450
2011-01-12T00:00:00Z,450
2011-01-13T00:00:00Z,450
2011-01-14T00:00:00Z,450
2011-01-15T00:00:00Z,450
2011-01-16T00:00:00Z,450
2011-01-17T00:00:00Z,450
2011-01-18T00:00:00Z,450
2011-01-19T00:00:00Z,450
2011-01-20T00:00:00Z,450
2011-01-21T00:00:00Z,450
2011-01-22T00:00:00Z,450
2011-01-23T00:00:00Z,450
2011-01-24T00:00:00Z,450
2011-01-25T00:00:00Z,450
2011-01-26T00:00:00Z,450
2011-01-27T00:00:00Z,450
2011-01-28T00:00:00Z,450
2011-01-29T00:00:00Z,450
2011-01-30T00:00:00Z,450
2011-01-31T00:00:00Z,450
2011-02-01T00:00:00Z,450
2011-02-02T00:00:00Z,450
2011-02-03T00:00:00Z,450
2011-02-04T00:00:00Z,450
2011-02-05T00:00:00Z,450
2011-02-06T00:00:00Z,450
2011-02-07T00:00:00Z,450
2011-02-08T00:00:00Z,450
2011-02-09T00:00:00Z,450
2011-02-10T00:00:00Z,450
2011-02-11T00:00:00Z,450
2011-02-12T00:00:00Z,450
2011-02-13T00:00:00Z,450
2011-02-14T00:00:00Z,450
2011-02-15T00:00:00Z,450
2011-02-16T00:00:00Z,450
2011-02-17T00:00:00Z,450
2011-02-18T00:00:00Z,450
2011-02-19T00:00:00Z,450
2011-02-20T00:00:00Z,450
2011-02-21T00:00:00Z,450
2011-02-22T00:00:00Z,450
2011-02-23T00:00:00Z,450
2011-02-24T00:00:00Z,450
2011-02-25T00:00:00Z,450
2011-02-26T00:00:00Z,450
2011-02-27T00:00:00Z,450
2011-02-28T00:00:00Z,450
2011-03-01T00:00:00Z,450
2011-03-02T00:00:00Z,450
2011-03-03T00:00:00Z,450
2011-03-04T00:00:00Z,450
2011-03-05T00:00:00Z,450
2011-03-06T00:00:00Z,465
2011-03-07T00:00:00Z,465
2011-03-08T00:00:00Z,465
2011-03-09T00:00:00Z,465
2011-03-10T00:00:00Z,465
2011-03-11T00:00:00Z,465
2011-03-12T00:00:00Z,465
2011-03-13T00:00:00Z,465
2011-03-14T00:00:00Z,465
2011-03-15T00:00:00Z,465
2011-03-16T00:00:00Z,465
2011-03-17T00:00:00Z,465
2011-03-18T00:00:00Z,465
2011-03-19T00:00:00Z,465
2011-03-20T00:00:00Z,465
2011-03-21T00:00:00Z,465
2011-03-22T00:00:00Z,465
2011-03-23T00:00:00Z,465
2011-03-24T00:00:00Z,465
2011-03-25T00:00:00Z,465
2011-03-26T00:00:00Z,465
2011-03-27T00:00:00Z,465
2011-03-28T00:00:00Z,465
2011-03-29T00:00:00Z,465
2011-03-30T00:00:00Z,465
2011-03-31T00:00:00Z,465
2011-04-01T00:00:00Z,465
2011-04-02T00:00:00Z,465
2011-04-03T00:00:00Z,465
2011-04-04T00:00:00Z,465
2011-04-05T00:00:00Z,465
2011-04-06T00:00:00Z,465
2011-04-07T00:00:00Z,465
2011-04-08T00:00:00Z,465
2011-04-09T00:00:00Z,465
2011-04-10T00:00:00Z,465
2011-04-11T00:00:00Z,465
2011-04-12T00:00:00Z,465
2011-04-13T00:00:00Z,465
2011-04-14T00:00:00Z,465
2011-04-15T00:00:00Z,465
2011-04-16T00:00:00Z,465
2011-04-17T00:00:00Z,465
2011-04-18T00:00:00Z,465
2011-04-19T00:00:00Z,465
2011-04-20T00:00:00Z,465
2011-04-21T00:00:00Z,465
2011-04-22T00:00:00Z,465
2011-04-23T00:00:00Z,465
2011-04-24T00:00:00Z,465
2011-04-25T00:00:00Z,465
2011-04-26T00:00:00Z,465
2011-04-27T00:00:00Z,465
2011-04-28T00:00:00Z,465
2011-04-29T00:00:00Z,465
2011-04-30T00:00:00Z,465
2011-05-01T00:00:00Z,465
2011-05-02T00:00:00Z,465
2011-05-03T00:00:00Z,465
2011-05-04T00:00:00Z,465
2011-05-05T00:00:00Z,465
2011-05-06T00:00:00Z,465
2011-05-07T00:00:00Z,465
2011-05-08T00:00:00Z,465
2011-05-09T00:00:00Z,465
2011-05-10T00:00:00Z,465
2011-05-11T00:00:00Z,465
2011-05-12T00:00:00Z,465
2011-05-13T00:00:00Z,465
2011-05-14T00:00:00Z,465
2011-05-15T00:00:00Z,465
2011-05-16T00:00:00Z,465
2011-05-17T00:00:00Z,465
2011-05-18T00:00:00Z,465
2011-05-19T00:00:00Z,465
2011-05-20T00:00:00Z,465
2011-05-21T00:00:00Z,465
2011-05-22T00:00:00Z,465
2011-05-23T00:00:00Z,465
2011-05-24T00:00:00Z,465
2011-05-25T00:00:00Z,465
2011-05-26T00:00:00Z,465
2011-05-27T00:00:00Z,465
2011-05-28T00:00:00Z,465
2011-05-29T00:00:00Z,465
2011-05-30T00:00:00Z,465
2011-05-31T00:00:00Z,465
2011-06-01T00:00:00Z,465
2011-06-02T00:00:00Z,465
2011-06-03T00:00:00Z,465
2011-06-04T00:00:00Z,465
2011-06-05T00:00:00Z,465
2011-06-06T00:00:00Z,465
2011-06-07T00:00:00Z,465
2011-06-08T00:00:00Z,465
2011-06-09T00:00:00Z,465
2011-06-10T00:00:00Z,465
2011-06-11T00:00:00Z,465
2011-06-12T00:00:00Z,465
2011-06-13T00:00:00Z,465
2011-06-14T00:00:00Z,465
2011-06-15T00:00:00Z,465
2011-06-16T00:00:00Z,465
2011-06-17T00:00:00Z,465
2011-06-18T00:00:00Z,466
2011-06-19T00:00:00Z,466
2011-06-20T00:00:00Z,466
2011-06-21T00:00:00Z,466
2011-06-22T00:00:00Z,466
2011-06-23T00:00:00Z,474
2011-06-24T00:00:00Z,476
2011-06-25T00:00:00Z,496
2011-06-26T00:00:00Z,496
2011-06-27T00:00:00Z,509
2011-06-28T00:00:00Z,509
2011-06-29T00:00:00Z,525
2011-06-30T00:00:00Z,546
2011-07-01T00:00:00Z,546
2011-07-02T00:00:00Z,546
2011-07-03T00:00:00Z,627
2011-07-04T00:00:00Z,661
2011-07-05T00:00:00Z,681
2011-07-06T00:00:00Z,681
2011-07-07T00:00:00Z,708
2011-07-08T00:00:00Z,708
2011-07-09T00:00:00Z,712
2011-07-10T00:00:00Z,816
2011-07-11T00:00:00Z,847
2011-07-12T00:00:00Z,884
2011-07-13T00:00:00Z,962
2011-07-14T00:00:00Z,987
2011-07-15T00:00:00Z,1025
2011-07-16T00:00:00Z,1025
2011-07-17T00:00:00Z,1025
2011-07-18T00:00:00Z,1025
2011-07-19T00:00:00Z,1027
2011-07-20T00:00:00Z,1028
2011-07-21T00:00:00Z,1028
2011-07-22T00:00:00Z,1028
2011-07-23T00:00:00Z,1028
2011-07-24T00:00:00Z,1029
2011-07-25T00:00:00Z,1029
2011-07-26T00:00:00Z,1029
2011-07-27T00:00:00Z,1029
2011-07-28T00:00:00Z,1029
2011-07-29T00:00:00Z,1035
2011-07-30T00:00:00Z,1035
2011-07-31T00:00:00Z,1035
2011-08-01T00:00:00Z,1035
2011-08-02T00:00:00Z,1035
2011-08-03T00:00:00Z,1035
2011-08-04T00:00:00Z,1035
2011-08-05T00:00:00Z,1035
2011-08-06T00:00:00Z,1035
2011-08-07T00:00:00Z,1035
2011-08-08T00:00:00Z,1035
2011-08-09T00:00:00Z,1035
2011-08-10T00:00:00Z,1035
2011-08-11T00:00:00Z,1035
2011-08-12T00:00:00Z,1035
2011-08-13T00:00:00Z,1035
2011-08-14T00:00:00Z,1035
2011-08-15T00:00:00Z,1035
2011-08-16T00:00:00Z,1035
2011-08-17T00:00:00Z,1035
2011-08-18T00:00:00Z,1035
2011-08-19T00:00:00Z,1035
2011-08-20T00:00:00Z,1035
2011-08-21T00:00:00Z,1035
2011-08-22T00:00:00Z,1035
2011-08-23T00:00:00Z,1035
2011-08-24T00:00:00Z,1035
2011-08-25T00:00:00Z,1035
2011-08-26T00:00:00Z,1035
2011-08-27T00:00:00Z,1035
2011-08-28T00:00:00Z,1035
2011-08-29T00:00:00Z,1035
2011-08-30T00:00:00Z,1035
2011-08-31T00:00:00Z,1035
2011-09-01T00:00:00Z,1035
2011-09-02T00:00:00Z,1038
2011-09-03T00:00:00Z,1052
2011-09-04T00:00:00Z,1056
2011-09-05T00:00:00Z,1056
2011-09-06T00:00:00Z,1056
2011-09-07T00:00:00Z,1056
2011-09-08T00:00:00Z,1056
2011-09-09T00:00:00Z,1056
2011-09-10T00:00:00Z,1056
2011-09-11T00:00:00Z,1056
2011-09-12T00:00:00Z,1056
2011-09-13T00:00:00Z,1056
2011-09-14T00:00:00Z,1056
2011-09-15T00:00:00Z,1056
2011-09-16T00:00:00Z,1074
2011-09-17T00:00:00Z,1078
2011-09-18T00:00:00Z,1078
2011-09-19T00:00:00Z,1078
2011-09-20T00:00:00Z,1078
2011-09-21T00:00:00Z,1078
2011-09-22T00:00:00Z,1113
2011-09-23T00:00:00Z,1116
2011-09-24T00:00:00Z,1116
2011-09-25T00:00:00Z,1116
2011-09-26T00:00:00Z,1116
2011-09-27T00:00:00Z,1167
2011-09-28T00:00:00Z,1356
2011-09-29T00:00:00Z,1449
2011-09-30T00:00:00Z,1480
2011-10-01T00:00:00Z,1484
2011-10-02T00:00:00Z,1484
2011-10-03T00:00:00Z,1484
2011-10-04T00:00:00Z,1484
2011-10-05T00:00:00Z,1484
2011-10-06T00:00:00Z,1484
2011-10-07T00:00:00Z,1484
2011-10-08T00:00:00Z,1484
2011-10-09T00:00:00Z,1484
2011-10-10T00:00:00Z,1484
2011-10-11T00:00:00Z,1503
2011-10-12T00:00:00Z,1503
2011-10-13T00:00:00Z,1503
2011-10-14T00:00:00Z,1520
2011-10-15T00:00:00Z,1520
2011-10-16T00:00:00Z,1520
2011-10-17T00:00:00Z,1520
2011-10-18T00:00:00Z,1520
2011-10-19T00:00:00Z,1522
2011-10-20T00:00:00Z,1522
2011-10-21T00:00:00Z,1522
2011-10-22T00:00:00Z,1522
2011-10-23T00:00:00Z,1522
2011-10-24T00:00:00Z,1522
2011-10-25T00:00:00Z,1522
2011-10-26T00:00:00Z,1522
2011-10-27T00:00:00Z,1522
2011-10-28T00:00:00Z,1522
2011-10-29T00:00:00Z,1522
2011-10-30T00:00:00Z,1522
2011-10-31T00:00:00Z,1522
2011-11-01T00:00:00Z,1522
2011-11-02T00:00:00Z,1517
2011-11-03T00:00:00Z,1522
2011-11-04T00:00:00Z,1522
2011-11-05T00:00:00Z,1522
2011-11-06T00:00:00Z,1522
2011-11-07T00:00:00Z,1522
2011-11-08T00:00:00Z,1522
2011-11-09T00:00:00Z,1522
2011-11-10T00:00:00Z,1522
2011-11-11T00:00:00Z,1735
2011-11-12T00:00:00Z,2041
2011-11-13T00:00:00Z,2261
2011-11-14T00:00:00Z,2383
2011-11-15T00:00:00Z,2685
2011-11-16T00:00:00Z,2885
2011-11-17T00:00:00Z,2962
2011-11-18T00:00:00Z,2962
2011-11-19T00:00:00Z,2942
2011-11-20T00:00:00Z,3009
2011-11-21T00:00:00Z,3190
2011-11-22T00:00:00Z,3350
2011-11-23T00:00:00Z,3350
2011-11-24T00:00:00Z,3349
2011-11-25T00:00:00Z,3400
2011-11-26T00:00:00Z,3423
2011-11-27T00:00:00Z,3406
2011-11-28T00:00:00Z,3500
2011-11-29T00:00:00Z,3500
2011-11-30T00:00:00Z,3591
2011-12-01T00:00:00Z,3607
2011-12-02T00:00:00Z,3607
2011-12-03T00:00:00Z,3671
2011-12-04T00:00:00Z,3671
2011-12-05T00:00:00Z,3671
2011-12-06T00:00:00Z,3671
2011-12-07T00:00:00Z,3671
2011-12-08T00:00:00Z,3671
2011-12-09T00:00:00Z,3671
2011-12-10T00:00:00Z,3671
2011-12-11T00:00:00Z,3671
2011-12-12T00:00:00Z,3671
2011-12-13T00:00:00Z,3674
2011-12-14T00:00:00Z,3674
2011-12-15T00:00:00Z,3674
2011-12-16T00:00:00Z,3674
2011-12-17T00:00:00Z,3674
2011-12-18T00:00:00Z,3674
2011-12-19T00:00:00Z,3674
2011-12-20T00:00:00Z,3674
2011-12-21T00:00:00Z,3674
2011-12-22T00:00:00Z,3674
2011-12-23T00:00:00Z,3674
2011-12-24T00:00:00Z,3674
2011-12-25T00:00:00Z,3674
2011-12-26T00:00:00Z,3674
2011-12-27T00:00:00Z,3674
2011-12-28T00:00:00Z,3674
2011-12-29T00:00:00Z,3674
2011-12-30T00:00:00Z,3674
2011-12-31T00:00:00Z,3674
2012-01-01T00:00:00Z,3674
2012-01-02T00:00:00Z,3674
2012-01-03T00:00:00Z,3674
2012-01-04T00:00:00Z,3674
2012-01-05T00:00:00Z,3674
2012-01-06T00:00:00Z,3674
2012-01-07T00:00:00Z,3674
2012-01-08T00:00:00Z,3674
2012-01-09T00:00:00Z,3674
2012-01-10T00:00:00Z,3674
2012-01-11T00:00:00Z,3674
2012-01-12T00:00:00Z,3674
2012-01-13T00:00:00Z,3674
2012-01-14T00:00:00Z,3674
2012-01-15T00:00:00Z,3674
2012-01-16T00:00:00Z,3674
2012-01-17T00:00:00Z,3674
2012-01-18T00:00:00Z,3674
2012-01-19T00:00:00Z,3674
2012-01-20T00:00:00Z,3674
2012-01-21T00:00:00Z,3674
2012-01-22T00:00:00Z,3674
2012-01-23T00:00:00Z,3674
2012-01-24T00:00:00Z,3674
2012-01-25T00:00:00Z,3674
2012-01-26T00:00:00Z,3674
2012-01-27T00:00:00Z,3674
2012-01-28T00:00:00Z,3674
2012-01-29T00:00:00Z,3674
2012-01-30T00:00:00Z,3674
2012-01-31T00:00:00Z,3674
2012-02-01T00:00:00Z,3674
2012-02-02T00:00:00Z,3674
2012-02-03T00:00:00Z,3674
2012-02-04T00:00:00Z,3674
2012-02-05T00:00:00Z,3674
2012-02-06T00:00:00Z,3674
2012-02-07T00:00:00Z,3674
2012-02-08T00:00:00Z,3674
2012-02-09T00:00:00Z,3674
2012-02-10T00:00:00Z,3689
2012-02-11T00:00:00Z,3689
2012-02-12T00:00:00Z,3689
2012-02-13T00:00:00Z,3689
2012-02-14T00:00:00Z,3689
2012-02-15T00:00:00Z,3689
2012-02-16T00:00:00Z,3689
2012-02-17T00:00:00Z,3689
2012-02-18T00:00:00Z,3689
2012-02-19T00:00:00Z,3689
2012-02-20T00:00:00Z,3689
2012-02-21T00:00:00Z,3689
2012-02-22T00:00:00Z,3689
2012-02-23T00:00:00Z,3689
2012-02-24T00:00:00Z,3689
2012-02-25T00:00:00Z,3689
2012-02-26T00:00:00Z,3689
2012-02-27T00:00:00Z,3689
2012-02-28T00:00:00Z,3689
2012-02-29T00:00:00Z,3689
2012-03-01T00:00:00Z,3689
2012-03-02T00:00:00Z,3689
2012-03-03T00:00:00Z,3689
2012-03-04T00:00:00Z,3689
2012-03-05T00:00:00Z,3689
2012-03-06T00:00:00Z,3689
2012-03-07T00:00:00Z,3689
2012-03-08T00:00:00Z,3689
2012-03-09T00:00:00Z,3689
2012-03-10T00:00:00Z,3689
2012-03-11T00:00:00Z,3689
2012-03-12T00:00:00Z,3689
2012-03-13T00:00:00Z,3689
2012-03-14T00:00:00Z,3689
2012-03-15T00:00:00Z,3689
2012-03-16T00:00:00Z,3689
2012-03-17T00:00:00Z,3689
2012-03-18T00:00:00Z,3689
2012-03-19T00:00:00Z,3689
2012-03-20T00:00:00Z,3689
2012-03-21T00:00:00Z,3689
2012-03-22T00:00:00Z,3689
2012-03-23T00:00:00Z,3691
2012-03-24T00:00:00Z,3691
2012-03-25T00:00:00Z,3691
2012-03-26T00:00:00Z,3691
2012-03-27T00:00:00Z,3691
2012-03-28T00:00:00Z,3691
2012-03-29T00:00:00Z,3691
2012-03-30T00:00:00Z,3692
2012-03-31T00:00:00Z,3692
2012-04-01T00:00:00Z,3692
2012-04-02T00:00:00Z,3692
2012-04-03T00:00:00Z,3692
2012-04-04T00:00:00Z,3692
2012-04-05T00:00:00Z,3692
2012-04-06T00:00:00Z,3675
2012-04-07T00:00:00Z,3675
2012-04-08T00:00:00Z,3675
2012-04-09T00:00:00Z,3675
2012-04-10T00:00:00Z,3675
2012-04-11T00:00:00Z,3675
2012-04-12T00:00:00Z,3675
2012-04-13T00:00:00Z,3676
2012-04-14T00:00:00Z,3676
2012-04-15T00:00:00Z,3676
2012-04-16T00:00:00Z,3724
2012-04-17T00:00:00Z,3856
2012-04-18T00:00:00Z,3969
2012-04-19T00:00:00Z,4015
2012-04-20T00:00:00Z,4228
2012-04-21T00:00:00Z,4499
2012-04-22T00:00:00Z,4497
2012-04-23T00:00:00Z,4532
2012-04-24T00:00:00Z,4637
2012-04-25T00:00:00Z,4684
2012-04-26T00:00:00Z,4717
2012-04-27T00:00:00Z,4790
2012-04-28T00:00:00Z,4856
2012-04-29T00:00:00Z,4872
2012-04-30T00:00:00Z,4872
2012-05-01T00:00:00Z,4872
2012-05-02T00:00:00Z,4872
2012-05-03T00:00:00Z,4872
2012-05-04T00:00:00Z,4872
2012-05-05T00:00:00Z,4872
2012-05-06T00:00:00Z,4872
2012-05-07T00:00:00Z,4872
2012-05-08T00:00:00Z,4872
2012-05-09T00:00:00Z,4872
2012-05-10T00:00:00Z,4950
2012-05-11T00:00:00Z,4982
2012-05-12T00:00:00Z,4982
2012-05-13T00:00:00Z,4982
2012-05-14T00:00:00Z,4982
2012-05-15T00:00:00Z,4982
2012-05-16T00:00:00Z,4983
2012-05-17T00:00:00Z,5005
2012-05-18T00:00:00Z,5005
2012-05-19T00:00:00Z,5005
2012-05-20T00:00:00Z,5005
2012-05-21T00:00:00Z,5005
2012-05-22T00:00:00Z,5005
2012-05-23T00:00:00Z,5005
2012-05-24T00:00:00Z,5005
2012-05-25T00:00:00Z,5016
2012-05-26T00:00:00Z,5016
2012-05-27T00:00:00Z,5016
2012-05-28T00:00:00Z,5016
2012-05-29T00:00:00Z,5016
2012-05-30T00:00:00Z,5016
2012-05-31T00:00:00Z,5016
2012-06-01T00:00:00Z,5016
2012-06-02T00:00:00Z,5016
2012-06-03T00:00:00Z,5016
2012-06-04T00:00:00Z,5016
2012-06-05T00:00:00Z,5016
2012-06-06T00:00:00Z,5016
2012-06-07T00:00:00Z,5016
2012-06-08T00:00:00Z,5016
2012-06-09T00:00:00Z,5016
2012-06-10T00:00:00Z,5016
2012-06-11T00:00:00Z,5016
2012-06-12T00:00:00Z,5016
2012-06-13T00:00:00Z,5016
2012-06-14T00:00:00Z,5016
2012-06-15T00:00:00Z,5016
2012-06-16T00:00:00Z,5016
2012-06-17T00:00:00Z,5016
2012-06-18T00:00:00Z,5016
2012-06-19T00:00:00Z,5016
2012-06-20T00:00:00Z,5016
2012-06-21T00:00:00Z,5016
2012-06-22T00:00:00Z,5016
2012-06-23T00:00:00Z,5016
2012-06-24T00:00:00Z,5016
2012-06-25T00:00:00Z,5016
2012-06-26T00:00:00Z,5016
2012-06-27T00:00:00Z,5016
2012-06-28T00:00:00Z,5016
2012-06-29T00:00:00Z,5016
2012-06-30T00:00:00Z,5016
2012-07-01T00:00:00Z,5016
2012-07-02T00:00:00Z,5016
2012-07-03T00:00:00Z,5015
2012-07-04T00:00:00Z,5015
2012-07-05T00:00:00Z,5015
2012-07-06T00:00:00Z,5015
2012-07-07T00:00:00Z,5015
2012-07-08T00:00:00Z,5014
2012-07-09T00:00:00Z,5014
2012-07-10T00:00:00Z,5014
2012-07-11T00:00:00Z,5010
2012-07-12T00:00:00Z,5010
2012-07-13T00:00:00Z,5013
2012-07-14T00:00:00Z,5013
2012-07-15T00:00:00Z,5013
2012-07-16T00:00:00Z,5012
2012-07-17T00:00:00Z,5012
2012-07-18T00:00:00Z,5012
2012-07-19T00:00:00Z,5012
2012-07-20T00:00:00Z,5012
2012-07-21T00:00:00Z,5367
2012-07-22T00:00:00Z,5625
2012-07-23T00:00:00Z,6096
2012-07-24T00:00:00Z,6439
2012-07-25T00:00:00Z,6629
2012-07-26T00:00:00Z,6710
2012-07-27T00:00:00Z,6727
2012-07-28T00:00:00Z,6835
2012-07-29T00:00:00Z,6835
2012-07-30T00:00:00Z,6835
2012-07-31T00:00:00Z,6897
2012-08-01T00:00:00Z,6898
2012-08-02T00:00:00Z,6898
2012-08-03T00:00:00Z,6898
2012-08-04T00:00:00Z,6898
2012-08-05T00:00:00Z,6898
2012-08-06T00:00:00Z,6898
2012-08-07T00:00:00Z,6898
2012-08-08T00:00:00Z,6898
2012-08-09T00:00:00Z,6898
2012-08-10T00:00:00Z,6898
2012-08-11T00:00:00Z,6899
2012-08-12T00:00:00Z,6902
2012-08-13T00:00:00Z,6902
2012-08-14T00:00:00Z,6902
2012-08-15T00:00:00Z,6902
2012-08-16T00:00:00Z,6902
2012-08-17T00:00:00Z,6902
2012-08-18T00:00:00Z,6902
2012-08-19T00:00:00Z,6902
2012-08-20T00:00:00Z,6921
2012-08-21T00:00:00Z,6921
2012-08-22T00:00:00Z,6970
2012-08-23T00:00:00Z,6970
2012-08-24T00:00:00Z,6970
2012-08-25T00:00:00Z,6974
2012-08-26T00:00:00Z,6986
2012-08-27T00:00:00Z,6986
2012-08-28T00:00:00Z,6986
2012-08-29T00:00:00Z,6980
2012-08-30T00:00:00Z,6986
2012-08-31T00:00:00Z,6985
2012-09-01T00:00:00Z,6985
2012-09-02T00:00:00Z,6985
2012-09-03T00:00:00Z,6985
2012-09-04T00:00:00Z,6985
2012-09-05T00:00:00Z,6985
2012-09-06T00:00:00Z,6985
2012-09-07T00:00:00Z,6985
2012-09-08T00:00:00Z,7025
2012-09-09T00:00:00Z,7025
2012-09-10T00:00:00Z,7025
2012-09-11T00:00:00Z,7202
2012-09-12T00:00:00Z,7253
2012-09-13T00:00:00Z,7391
2012-09-14T00:00:00Z,7391
2012-09-15T00:00:00Z,7391
2012-09-16T00:00:00Z,7507
2012-09-17T00:00:00Z,7746
2012-09-18T00:00:00Z,7764
2012-09-19T00:00:00Z,7763
2012-09-20T00:00:00Z,7918
2012-09-21T00:00:00Z,8098
2012-09-22T00:00:00Z,8196
2012-09-23T00:00:00Z,8196
2012-09-24T00:00:00Z,8322
2012-09-25T00:00:00Z,8322
2012-09-26T00:00:00Z,8351
2012-09-27T00:00:00Z,8415
2012-09-28T00:00:00Z,8490
2012-09-29T00:00:00Z,8498
2012-09-30T00:00:00Z,8498
2012-10-01T00:00:00Z,8499
2012-10-02T00:00:00Z,8501
2012-10-03T00:00:00Z,8507
2012-10-04T00:00:00Z,8537
2012-10-05T00:00:00Z,8568
2012-10-06T00:00:00Z,8568
2012-10-07T00:00:00Z,8619
2012-10-08T00:00:00Z,8619
2012-10-09T00:00:00Z,8699
2012-10-10T00:00:00Z,8699
2012-10-11T00:00:00Z,8726
2012-10-12T00:00:00Z,8726
2012-10-13T00:00:00Z,8726
2012-10-14T00:00:00Z,8808
2012-10-15T00:00:00Z,8878
2012-10-16T00:00:00Z,8942
2012-10-17T00:00:00Z,8942
2012-10-18T00:00:00Z,8942
2012-10-19T00:00:00Z,8942
2012-10-20T00:00:00Z,8942
2012-10-21T00:00:00Z,8942
2012-10-22T00:00:00Z,8942
2012-10-23T00:00:00Z,8942
2012-10-24T00:00:00Z,8942
2012-10-25T00:00:00Z,8969
2012-10-26T00:00:00Z,8969
2012-10-27T00:00:00Z,8974
2012-10-28T00:00:00Z,8974
2012-10-29T00:00:00Z,9005
2012-10-30T00:00:00Z,9008
2012-10-31T00:00:00Z,9008
2012-11-01T00:00:00Z,9008
2012-11-02T00:00:00Z,9008
2012-11-03T00:00:00Z,9008
2012-11-04T00:00:00Z,9008
2012-11-05T00:00:00Z,9008
2012-11-06T00:00:00Z,9008
2012-11-07T00:00:00Z,9008
2012-11-08T00:00:00Z,9008
2012-11-09T00:00:00Z,9008
2012-11-10T00:00:00Z,9008
2012-11-11T00:00:00Z,9008
2012-11-12T00:00:00Z,9008
2012-11-13T00:00:00Z,9019
2012-11-14T00:00:00Z,9019
2012-11-15T00:00:00Z,9019
2012-11-16T00:00:00Z,9020
2012-11-17T00:00:00Z,9020
2012-11-18T00:00:00Z,9020
2012-11-19T00:00:00Z,9020
2012-11-20T00:00:00Z,9020
2012-11-21T00:00:00Z,9020
2012-11-22T00:00:00Z,9020
2012-11-23T00:00:00Z,9020
2012-11-24T00:00:00Z,9020
2012-11-25T00:00:00Z,9020
2012-11-26T00:00:00Z,9020
2012-11-27T00:00:00Z,9020
2012-11-28T00:00:00Z,9020
2012-11-29T00:00:00Z,9020
2012-11-30T00:00:00Z,9020
2012-12-01T00:00:00Z,9020
2012-12-02T00:00:00Z,9020
2012-12-03T00:00:00Z,9020
2012-12-04T00:00:00Z,9020
2012-12-05T00:00:00Z,9020
2012-12-06T00:00:00Z,9020
2012-12-07T00:00:00Z,9020
2012-12-08T00:00:00Z,9020
2012-12-09T00:00:00Z,9020
2012-12-10T00:00:00Z,9020
2012-12-11T00:00:00Z,9020
2012-12-12T00:00:00Z,9020
2012-12-13T00:00:00Z,9020
2012-12-14T00:00:00Z,9020
2012-12-15T00:00:00Z,9020
2012-12-16T00:00:00Z,9020
2012-12-17T00:00:00Z,9190
2012-12-18T00:00:00Z,9213
2012-12-19T00:00:00Z,9213
2012-12-20T00:00:00Z,9213
2012-12-21T00:00:00Z,9213
2012-12-22T00:00:00Z,9213
2012-12-23T00:00:00Z,9214
2012-12-24T00:00:00Z,9214
2012-12-25T00:00:00Z,9214
2012-12-26T00:00:00Z,9214
2012-12-27T00:00:00Z,9214
2012-12-28T00:00:00Z,9214
2012-12-29T00:00:00Z,9214
2012-12-30T00:00:00Z,9214
2012-12-31T00:00:00Z,9214
2013-01-01T00:00:00Z,9214
2013-01-02T00:00:00Z,9214
2013-01-03T00:00:00Z,9214
2013-01-04T00:00:00Z,9214
2013-01-05T00:00:00Z,9214
2013-01-06T00:00:00Z,9214
2013-01-07T00:00:00Z,9214
2013-01-08T00:00:00Z,9214
2013-01-09T00:00:00Z,9214
2013-01-10T00:00:00Z,9214
2013-01-11T00:00:00Z,9214
2013-01-12T00:00:00Z,9214
2013-01-13T00:00:00Z,9214
2013-01-14T00:00:00Z,9292
2013-01-15T00:00:00Z,9292
2013-01-16T00:00:00Z,9292
2013-01-17T00:00:00Z,9292
2013-01-18T00:00:00Z,9292
2013-01-19T00:00:00Z,9292
2013-01-20T00:00:00Z,9295
2013-01-21T00:00:00Z,9295
2013-01-22T00:00:00Z,9295
2013-01-23T00:00:00Z,9297
2013-01-24T00:00:00Z,9297
2013-01-25T00:00:00Z,9297
2013-01-26T00:00:00Z,9297
2013-01-27T00:00:00Z,9297
2013-01-28T00:00:00Z,9297
2013-01-29T00:00:00Z,9297
2013-01-30T00:00:00Z,9297
2013-01-31T00:00:00Z,9297
2013-02-01T00:00:00Z,9297
2013-02-02T00:00:00Z,9301
2013-02-03T00:00:00Z,9303
2013-02-04T00:00:00Z,9303
2013-02-05T00:00:00Z,9303
2013-02-06T00:00:00Z,9303
2013-02-07T00:00:00Z,9302
2013-02-08T00:00:00Z,9302
2013-02-09T00:00:00Z,9302
2013-02-10T00:00:00Z,9302
2013-02-11T00:00:00Z,9302
2013-02-12T00:00:00Z,9302
2013-02-13T00:00:00Z,9302
2013-02-14T00:00:00Z,9302
2013-02-15T00:00:00Z,9302
2013-02-16T00:00:00Z,9302
2013-02-17T00:00:00Z,9302
2013-02-18T00:00:00Z,9302
2013-02-19T00:00:00Z,9302
2013-02-20T00:00:00Z,9302
2013-02-21T00:00:00Z,9302
2013-02-22T00:00:00Z,9302
2013-02-23T00:00:00Z,9302
2013-02-24T00:00:00Z,9302
2013-02-25T00:00:00Z,9302
2013-02-26T00:00:00Z,9302
2013-02-27T00:00:00Z,9302
2013-02-28T00:00:00Z,9302
2013-03-01T00:00:00Z,9302
2013-03-02T00:00:00Z,9302
2013-03-03T00:00:00Z,9368
2013-03-04T00:00:00Z,9378
2013-03-05T00:00:00Z,9378
2013-03-06T00:00:00Z,9394
2013-03-07T00:00:00Z,9394
2013-03-08T00:00:00Z,9394
2013-03-09T00:00:00Z,9394
2013-03-10T00:00:00Z,9394
2013-03-11T00:00:00Z,9396
2013-03-12T00:00:00Z,9396
2013-03-13T00:00:00Z,9396
2013-03-14T00:00:00Z,9415
2013-03-15T00:00:00Z,9415
2013-03-16T00:00:00Z,9415
2013-03-17T00:00:00Z,9415
2013-03-18T00:00:00Z,9415
2013-03-19T00:00:00Z,9415
2013-03-20T00:00:00Z,9415
2013-03-21T00:00:00Z,9415
2013-03-22T00:00:00Z,9415
2013-03-23T00:00:00Z,9415
2013-03-24T00:00:00Z,9415
2013-03-25T00:00:00Z,9415
2013-03-26T00:00:00Z,9417
2013-03-27T00:00:00Z,9417
2013-03-28T00:00:00Z,9417
2013-03-29T00:00:00Z,9417
2013-03-30T00:00:00Z,9417
2013-03-31T00:00:00Z,9434
2013-04-01T00:00:00Z,9434
2013-04-02T00:00:00Z,9434
2013-04-03T00:00:00Z,9434
2013-04-04T00:00:00Z,9434
2013-04-05T00:00:00Z,9434
2013-04-06T00:00:00Z,9434
2013-04-07T00:00:00Z,9434
2013-04-08T00:00:00Z,9434
2013-04-09T00:00:00Z,9434
2013-04-10T00:00:00Z,9434
2013-04-11T00:00:00Z,9438
2013-04-12T00:00:00Z,9441
2013-04-13T00:00:00Z,9441
2013-04-14T00:00:00Z,9441
2013-04-15T00:00:00Z,9441
2013-04-16T00:00:00Z,9441
2013-04-17T00:00:00Z,9441
2013-04-18T00:00:00Z,9441
2013-04-19T00:00:00Z,9441
2013-04-20T00:00:00Z,9441
2013-04-21T00:00:00Z,9441
2013-04-22T00:00:00Z,9441
2013-04-23T00:00:00Z,9441
2013-04-24T00:00:00Z,9441
2013-04-25T00:00:00Z,9443
2013-04-26T00:00:00Z,9443
2013-04-27T00:00:00Z,9444
2013-04-28T00:00:00Z,9504
2013-04-29T00:00:00Z,9578
2013-04-30T00:00:00Z,9590
2013-05-01T00:00:00Z,9590
2013-05-02T00:00:00Z,9590
2013-05-03T00:00:00Z,9590
2013-05-04T00:00:00Z,9590
2013-05-05T00:00:00Z,9590
2013-05-06T00:00:00Z,9590
2013-05-07T00:00:00Z,9590
2013-05-08T00:00:00Z,9590
2013-05-09T00:00:00Z,9590
2013-05-10T00:00:00Z,9590
2013-05-11T00:00:00Z,9590
2013-05-12T00:00:00Z,9590
2013-05-13T00:00:00Z,9590
2013-05-14T00:00:00Z,9590
2013-05-15T00:00:00Z,9590
2013-05-16T00:00:00Z,9590
2013-05-17T00:00:00Z,9590
2013-05-18T00:00:00Z,9616
2013-05-19T00:00:00Z,9708
2013-05-20T00:00:00Z,9798
2013-05-21T00:00:00Z,9802
2013-05-22T00:00:00Z,9802
2013-05-23T00:00:00Z,9852
2013-05-24T00:00:00Z,9955
2013-05-25T00:00:00Z,10003
2013-05-26T00:00:00Z,10003
2013-05-27T00:00:00Z,10018
2013-05-28T00:00:00Z,10018
2013-05-29T00:00:00Z,10018
2013-05-30T00:00:00Z,10018
2013-05-31T00:00:00Z,10018
2013-06-01T00:00:00Z,10018
2013-06-02T00:00:00Z,10018
2013-06-03T00:00:00Z,10018
2013-06-04T00:00:00Z,10018
2013-06-05T00:00:00Z,10018
2013-06-06T00:00:00Z,10018
2013-06-07T00:00:00Z,10018
2013-06-08T00:00:00Z,10018
2013-06-09T00:00:00Z,10018
2013-06-10T00:00:00Z,10018
2013-06-11T00:00:00Z,10023
2013-06-12T00:00:00Z,10023
2013-06-13T00:00:00Z,10023
2013-06-14T00:00:00Z,10023
2013-06-15T00:00:00Z,10023
2013-06-16T00:00:00Z,10059
2013-06-17T00:00:00Z,10059
2013-06-18T00:00:00Z,10059
2013-06-19T00:00:00Z,10061
2013-06-20T00:00:00Z,10061
2013-06-21T00:00:00Z,10061
2013-06-22T00:00:00Z,10061
2013-06-23T00:00:00Z,10061
2013-06-24T00:00:00Z,10061
2013-06-25T00:00:00Z,10061
2013-06-26T00:00:00Z,10061
2013-06-27T00:00:00Z,10061
2013-06-28T00:00:00Z,10061
2013-06-29T00:00:00Z,10061
2013-06-30T00:00:00Z,10061
2013-07-01T00:00:00Z,10061
2013-07-02T00:00:00Z,10061
2013-07-03T00:00:00Z,10061
2013-07-04T00:00:00Z,10061
2013-07-05T00:00:00Z,10061
2013-07-06T00:00:00Z,10061
2013-07-07T00:00:00Z,10061
2013-07-08T00:00:00Z,10137
2013-07-09T00:00:00Z,10137
2013-07-10T00:00:00Z,10137
2013-07-11T00:00:00Z,10137
2013-07-12T00:00:00Z,10137
2013-07-13T00:00:00Z,10138
2013-07-14T00:00:00Z,10138
2013-07-15T00:00:00Z,10138
2013-07-16T00:00:00Z,10138
2013-07-17T00:00:00Z,10138
2013-07-18T00:00:00Z,10138
2013-07-19T00:00:00Z,10138
2013-07-20T00:00:00Z,10158
2013-07-21T00:00:00Z,10158
2013-07-22T00:00:00Z,10179
2013-07-23T00:00:00Z,10179
2013-07-24T00:00:00Z,10179
2013-07-25T00:00:00Z,10179
2013-07-26T00:00:00Z,10176
2013-07-27T00:00:00Z,10176
2013-07-28T00:00:00Z,10176
2013-07-29T00:00:00Z,10218
2013-07-30T00:00:00Z,10218
2013-07-31T00:00:00Z,10218
2013-08-01T00:00:00Z,10218
2013-08-02T00:00:00Z,10218
2013-08-03T00:00:00Z,10218
2013-08-04T00:00:00Z,10218
2013-08-05T00:00:00Z,10218
2013-08-06T00:00:00Z,10218
2013-08-07T00:00:00Z,10218
2013-08-08T00:00:00Z,10218
2013-08-09T00:00:00Z,10218
2013-08-10T00:00:00Z,10218
2013-08-11T00:00:00Z,10218
2013-08-12T00:00:00Z,10218
2013-08-13T00:00:00Z,10222
2013-08-14T00:00:00Z,10222
2013-08-15T00:00:00Z,10222
2013-08-16T00:00:00Z,10222
2013-08-17T00:00:00Z,10222
2013-08-18T00:00:00Z,10222
2013-08-19T00:00:00Z,10222
2013-08-20T00:00:00Z,10225
2013-08-21T00:00:00Z,10225
2013-08-22T00:00:00Z,10225
2013-08-23T00:00:00Z,10225
2013-08-24T00:00:00Z,10225
2013-08-25T00:00:00Z,10225
2013-08-26T00:00:00Z,10228
2013-08-27T00:00:00Z,10228
2013-08-28T00:00:00Z,10228
2013-08-29T00:00:00Z,10228
2013-08-30T00:00:00Z,10228
2013-08-31T00:00:00Z,10228
2013-09-01T00:00:00Z,10228
2013-09-02T00:00:00Z,10228
2013-09-03T00:00:00Z,10228
2013-09-04T00:00:00Z,10228
2013-09-05T00:00:00Z,10228
2013-09-06T00:00:00Z,10228
2013-09-07T00:00:00Z,10228
2013-09-08T00:00:00Z,10228
2013-09-09T00:00:00Z,10228
2013-09-10T00:00:00Z,10228
2013-09-11T00:00:00Z,10228
2013-09-12T00:00:00Z,10228
2013-09-13T00:00:00Z,10228
2013-09-14T00:00:00Z,10228
2013-09-15T00:00:00Z,10228
2013-09-16T00:00:00Z,10228
2013-09-17T00:00:00Z,10228
2013-09-18T00:00:00Z,10228
2013-09-19T00:00:00Z,10245
2013-09-20T00:00:00Z,10245
2013-09-21T00:00:00Z,10244
2013-09-22T00:00:00Z,10248
2013-09-23T00:00:00Z,10292
2013-09-24T00:00:00Z,10297
2013-09-25T00:00:00Z,10300
2013-09-26T00:00:00Z,10300
2013-09-27T00:00:00Z,10300
2013-09-28T00:00:00Z,10300
2013-09-29T00:00:00Z,10300
2013-09-30T00:00:00Z,10300
2013-10-01T00:00:00Z,10300
2013-10-02T00:00:00Z,10303
2013-10-03T00:00:00Z,10304
2013-10-04T00:00:00Z,10304
2013-10-05T00:00:00Z,10305
2013-10-06T00:00:00Z,10305
2013-10-07T00:00:00Z,10307
2013-10-08T00:00:00Z,10307
2013-10-09T00:00:00Z,10307
2013-10-10T00:00:00Z,10307
2013-10-11T00:00:00Z,10307
2013-10-12T00:00:00Z,10307
2013-10-13T00:00:00Z,10307
2013-10-14T00:00:00Z,10307
2013-10-15T00:00:00Z,10307
2013-10-16T00:00:00Z,10307
2013-10-17T00:00:00Z,10307
2013-10-18T00:00:00Z,10307
2013-10-19T00:00:00Z,10307
2013-10-20T00:00:00Z,10307
2013-10-21T00:00:00Z,10307
2013-10-22T00:00:00Z,10307
2013-10-23T00:00:00Z,10307
2013-10-24T00:00:00Z,10342
2013-10-25T00:00:00Z,10342
2013-10-26T00:00:00Z,10342
2013-10-27T00:00:00Z,10342
2013-10-28T00:00:00Z,10342
2013-10-29T00:00:00Z,10342
2013-10-30T00:00:00Z,10342
2013-10-31T00:00:00Z,10342
2013-11-01T00:00:00Z,10342
2013-11-02T00:00:00Z,10342
2013-11-03T00:00:00Z,10342
2013-11-04T00:00:00Z,10342
2013-11-05T00:00:00Z,10342
2013-11-06T00:00:00Z,10342
2013-11-07T00:00:00Z,10342
2013-11-08T00:00:00Z,10342
2013-11-09T00:00:00Z,10340
2013-11-10T00:00:00Z,10342
2013-11-11T00:00:00Z,10342
2013-11-12T00:00:00Z,10342
2013-11-13T00:00:00Z,10342
2013-11-14T00:00:00Z,10342
2013-11-15T00:00:00Z,10342
2013-11-16T00:00:00Z,10342
2013-11-17T00:00:00Z,10342
2013-11-18T00:00:00Z,10342
2013-11-19T00:00:00Z,10342
2013-11-20T00:00:00Z,10342
2013-11-21T00:00:00Z,10343
2013-11-22T00:00:00Z,10343
2013-11-23T00:00:00Z,10343
2013-11-24T00:00:00Z,10343
2013-11-25T00:00:00Z,10343
2013-11-26T00:00:00Z,10343
2013-11-27T00:00:00Z,10343
2013-11-28T00:00:00Z,10343
2013-11-29T00:00:00Z,10343
2013-11-30T00:00:00Z,10343
2013-12-01T00:00:00Z,10343
2013-12-02T00:00:00Z,10356
2013-12-03T00:00:00Z,10356
2013-12-04T00:00:00Z,10356
2013-12-05T00:00:00Z,10356
2013-12-06T00:00:00Z,10356
2013-12-07T00:00:00Z,10418
2013-12-08T00:00:00Z,10418
2013-12-09T00:00:00Z,10418
2013-12-10T00:00:00Z,10418
2013-12-11T00:00:00Z,10418
2013-12-12T00:00:00Z,10418
2013-12-13T00:00:00Z,10418
2013-12-14T00:00:00Z,10418
2013-12-15T00:00:00Z,10418
2013-12-16T00:00:00Z,10418
2013-12-17T00:00:00Z,10418
2013-12-18T00:00:00Z,10418
2013-12-19T00:00:00Z,10418
2013-12-20T00:00:00Z,10418
2013-12-21T00:00:00Z,10420
2013-12-22T00:00:00Z,10420
2013-12-23T00:00:00Z,10420
2013-12-24T00:00:00Z,10420
2013-12-25T00:00:00Z,10420
2013-12-26T00:00:00Z,10420
2013-12-27T00:00:00Z,10421
2013-12-28T00:00:00Z,10421
2013-12-29T00:00:00Z,10430
2013-12-30T00:00:00Z,10430
2013-12-31T00:00:00Z,10454
2014-01-01T00:00:00Z,10454
2014-01-02T00:00:00Z,10454
2014-01-03T00:00:00Z,10454
2014-01-04T00:00:00Z,10454
2014-01-05T00:00:00Z,10454
2014-01-06T00:00:00Z,10454
2014-01-07T00:00:00Z,10454
2014-01-08T00:00:00Z,10454
2014-01-09T00:00:00Z,10454
2014-01-10T00:00:00Z,10454
2014-01-11T00:00:00Z,10454
2014-01-12T00:00:00Z,10454
2014-01-13T00:00:00Z,10454
2014-01-14T00:00:00Z,10454
2014-01-15T00:00:00Z,10471
2014-01-16T00:00:00Z,10477
2014-01-17T00:00:00Z,10477
2014-01-18T00:00:00Z,10477
2014-01-19T00:00:00Z,10477
2014-01-20T00:00:00Z,10477
2014-01-21T00:00:00Z,10477
2014-01-22T00:00:00Z,10477
2014-01-23T00:00:00Z,10477
2014-01-24T00:00:00Z,10477
2014-01-25T00:00:00Z,10477
2014-01-26T00:00:00Z,10477
2014-01-27T00:00:00Z,10477
2014-01-28T00:00:00Z,10477
2014-01-29T00:00:00Z,10477
2014-01-30T00:00:00Z,10477
2014-01-31T00:00:00Z,10477
2014-02-01T00:00:00Z,10477
2014-02-02T00:00:00Z,10477
2014-02-03T00:00:00Z,10477
2014-02-04T00:00:00Z,10477
2014-02-05T00:00:00Z,10477
2014-02-06T00:00:00Z,10477
2014-02-07T00:00:00Z,10840
2014-02-08T00:00:00Z,11332
2014-02-09T00:00:00Z,11332
2014-02-10T00:00:00Z,11404
2014-02-11T00:00:00Z,11404
2014-02-12T00:00:00Z,11404
2014-02-13T00:00:00Z,11404
2014-02-14T00:00:00Z,11404
2014-02-15T00:00:00Z,11404
2014-02-16T00:00:00Z,11404
2014-02-17T00:00:00Z,11404
2014-02-18T00:00:00Z,11404
2014-02-19T00:00:00Z,11404
2014-02-20T00:00:00Z,11404
2014-02-21T00:00:00Z,11404
2014-02-22T00:00:00Z,11404
2014-02-23T00:00:00Z,11404
2014-02-24T00:00:00Z,11404
2014-02-25T00:00:00Z,11404
2014-02-26T00:00:00Z,11447
2014-02-27T00:00:00Z,11447
2014-02-28T00:00:00Z,11491
2014-03-01T00:00:00Z,11491
2014-03-02T00:00:00Z,11491
2014-03-03T00:00:00Z,11491
2014-03-04T00:00:00Z,11491
2014-03-05T00:00:00Z,11491
2014-03-06T00:00:00Z,11491
2014-03-07T00:00:00Z,11491
2014-03-08T00:00:00Z,11491
2014-03-09T00:00:00Z,11531
2014-03-10T00:00:00Z,11531
2014-03-11T00:00:00Z,11531
2014-03-12T00:00:00Z,11531
2014-03-13T00:00:00Z,11531
2014-03-14T00:00:00Z,11531
2014-03-15T00:00:00Z,11531
2014-03-16T00:00:00Z,11531
2014-03-17T00:00:00Z,11531
2014-03-18T00:00:00Z,11531
2014-03-19T00:00:00Z,11531
2014-03-20T00:00:00Z,11591
2014-03-21T00:00:00Z,11591
2014-03-22T00:00:00Z,11589
2014-03-23T00:00:00Z,11589
2014-03-24T00:00:00Z,11589
2014-03-25T00:00:00Z,11589
2014-03-26T00:00:00Z,11589
2014-03-27T00:00:00Z,11634
2014-03-28T00:00:00Z,11634
2014-03-29T00:00:00Z,11643
2014-03-30T00:00:00Z,11643
2014-03-31T00:00:00Z,11710
2014-04-01T00:00:00Z,11710
2014-04-02T00:00:00Z,11710
2014-04-03T00:00:00Z,11710
2014-04-04T00:00:00Z,11710
2014-04-05T00:00:00Z,11710
2014-04-06T00:00:00Z,11710
2014-04-07T00:00:00Z,11710
2014-04-08T00:00:00Z,11710
2014-04-09T00:00:00Z,11711
2014-04-10T00:00:00Z,11711
2014-04-11T00:00:00Z,11711
2014-04-12T00:00:00Z,11711
2014-04-13T00:00:00Z,11711
2014-04-14T00:00:00Z,11711
2014-04-15T00:00:00Z,11711
2014-04-16T00:00:00Z,11711
2014-04-17T00:00:00Z,11711
2014-04-18T00:00:00Z,11711
2014-04-19T00:00:00Z,11717
2014-04-20T00:00:00Z,11717
2014-04-21T00:00:00Z,11767
2014-04-22T00:00:00Z,11792
2014-04-23T00:00:00Z,11792
2014-04-24T00:00:00Z,11792
2014-04-25T00:00:00Z,11792
2014-04-26T00:00:00Z,11793
2014-04-27T00:00:00Z,11793
2014-04-28T00:00:00Z,11793
2014-04-29T00:00:00Z,11794
2014-04-30T00:00:00Z,11794
2014-05-01T00:00:00Z,11863
2014-05-02T00:00:00Z,11863
2014-05-03T00:00:00Z,11795
2014-05-04T00:00:00Z,11820
2014-05-05T00:00:00Z,11868
2014-05-06T00:00:00Z,11868
2014-05-07T00:00:00Z,11838
2014-05-08T00:00:00Z,11838
2014-05-09T00:00:00Z,11838
2014-05-10T00:00:00Z,11838
2014-05-11T00:00:00Z,11865
2014-05-12T00:00:00Z,11865
2014-05-13T00:00:00Z,11866
2014-05-14T00:00:00Z,11871
2014-05-15T00:00:00Z,11897
2014-05-16T00:00:00Z,11897
2014-05-17T00:00:00Z,11897
2014-05-18T00:00:00Z,11897
2014-05-19T00:00:00Z,11897
2014-05-20T00:00:00Z,11897
2014-05-21T00:00:00Z,11914
2014-05-22T00:00:00Z,11914
2014-05-23T00:00:00Z,11891
2014-05-24T00:00:00Z,11937
2014-05-25T00:00:00Z,11937
2014-05-26T00:00:00Z,11943
2014-05-27T00:00:00Z,11943
2014-05-28T00:00:00Z,11943
2014-05-29T00:00:00Z,11943
2014-05-30T00:00:00Z,11943
2014-05-31T00:00:00Z,11933
2014-06-01T00:00:00Z,11933
2014-06-02T00:00:00Z,11970
2014-06-03T00:00:00Z,11970
2014-06-04T00:00:00Z,11970
2014-06-05T00:00:00Z,11982
2014-06-06T00:00:00Z,11982
2014-06-07T00:00:00Z,11982
2014-06-08T00:00:00Z,11982
2014-06-09T00:00:00Z,11982
2014-06-10T00:00:00Z,11982
2014-06-11T00:00:00Z,11982
2014-06-12T00:00:00Z,11973
2014-06-13T00:00:00Z,11973
2014-06-14T00:00:00Z,11980
2014-06-15T00:00:00Z,11980
2014-06-16T00:00:00Z,11980
2014-06-17T00:00:00Z,11980
2014-06-18T00:00:00Z,11980
2014-06-19T00:00:00Z,11980
2014-06-20T00:00:00Z,11988
2014-06-21T00:00:00Z,11993
2014-06-22T00:00:00Z,12012
2014-06-23T00:00:00Z,12063
2014-06-24T00:00:00Z,12063
2014-06-25T00:00:00Z,12063
2014-06-26T00:00:00Z,12169
2014-06-27T00:00:00Z,12286
2014-06-28T00:00:00Z,12307
2014-06-29T00:00:00Z,14932
2014-06-30T00:00:00Z,14932
2014-07-01T00:00:00Z,14932
2014-07-02T00:00:00Z,14940
2014-07-03T00:00:00Z,14940
2014-07-04T00:00:00Z,14963
2014-07-05T00:00:00Z,15023
2014-07-06T00:00:00Z,15021
2014-07-07T00:00:00Z,14687
2014-07-08T00:00:00Z,14687
2014-07-09T00:00:00Z,14687
2014-07-10T00:00:00Z,14687
2014-07-11T00:00:00Z,14687
2014-07-12T00:00:00Z,16455
2014-07-13T00:00:00Z,16455
2014-07-14T00:00:00Z,15107
2014-07-15T00:00:00Z,15107
2014-07-16T00:00:00Z,15109
2014-07-17T00:00:00Z,15109
2014-07-18T00:00:00Z,15109
2014-07-19T00:00:00Z,15218
2014-07-20T00:00:00Z,15231
2014-07-21T00:00:00Z,15237
2014-07-22T00:00:00Z,15240
2014-07-23T00:00:00Z,15240
2014-07-24T00:00:00Z,15242
2014-07-25T00:00:00Z,15240
2014-07-26T00:00:00Z,15240
2014-07-27T00:00:00Z,15245
2014-07-28T00:00:00Z,15225
2014-07-29T00:00:00Z,15225
2014-07-30T00:00:00Z,15225
2014-07-31T00:00:00Z,15225
2014-08-01T00:00:00Z,15277
2014-08-02T00:00:00Z,15277
2014-08-03T00:00:00Z,15246
2014-08-04T00:00:00Z,15246
2014-08-05T00:00:00Z,15248
2014-08-06T00:00:00Z,15248
2014-08-07T00:00:00Z,15253
2014-08-08T00:00:00Z,15253
2014-08-09T00:00:00Z,15253
2014-08-10T00:00:00Z,15253
2014-08-11T00:00:00Z,15253
2014-08-12T00:00:00Z,15253
2014-08-13T00:00:00Z,15253
2014-08-14T00:00:00Z,15253
2014-08-15T00:00:00Z,15253
2014-08-16T00:00:00Z,15254
2014-08-17T00:00:00Z,15254
2014-08-18T00:00:00Z,15254
2014-08-19T00:00:00Z,15254
2014-08-20T00:00:00Z,15254
2014-08-21T00:00:00Z,15254
2014-08-22T00:00:00Z,15254
2014-08-23T00:00:00Z,15254
2014-08-24T00:00:00Z,15254
2014-08-25T00:00:00Z,15275
2014-08-26T00:00:00Z,15275
2014-08-27T00:00:00Z,15274
2014-08-28T00:00:00Z,15274
2014-08-29T00:00:00Z,15357
2014-08-30T00:00:00Z,15446
2014-08-31T00:00:00Z,15446
2014-09-01T00:00:00Z,15532
2014-09-02T00:00:00Z,15564
2014-09-03T00:00:00Z,15564
2014-09-04T00:00:00Z,15564
2014-09-05T00:00:00Z,15564
2014-09-06T00:00:00Z,15564
2014-09-07T00:00:00Z,15564
2014-09-08T00:00:00Z,15564
2014-09-09T00:00:00Z,15564
2014-09-10T00:00:00Z,15564
2014-09-11T00:00:00Z,15564
2014-09-12T00:00:00Z,15564
2014-09-13T00:00:00Z,15645
2014-09-14T00:00:00Z,15739
2014-09-15T00:00:00Z,15739
2014-09-16T00:00:00Z,15794
2014-09-17T00:00:00Z,15795
2014-09-18T00:00:00Z,15822
2014-09-19T00:00:00Z,15822
2014-09-20T00:00:00Z,15822
2014-09-21T00:00:00Z,15822
2014-09-22T00:00:00Z,15822
2014-09-23T00:00:00Z,15822
2014-09-24T00:00:00Z,15822
2014-09-25T00:00:00Z,15822
2014-09-26T00:00:00Z,15822
2014-09-27T00:00:00Z,15822
2014-09-28T00:00:00Z,15822
2014-09-29T00:00:00Z,15822
2014-09-30T00:00:00Z,15822
2014-10-01T00:00:00Z,15983
2014-10-02T00:00:00Z,16044
2014-10-03T00:00:00Z,16044
2014-10-04T00:00:00Z,16044
2014-10-05T00:00:00Z,16255
2014-10-06T00:00:00Z,16745
2014-10-07T00:00:00Z,16746
2014-10-08T00:00:00Z,16746
2014-10-09T00:00:00Z,16841
2014-10-10T00:00:00Z,16842
2014-10-11T00:00:00Z,16843
2014-10-12T00:00:00Z,16843
2014-10-13T00:00:00Z,16947
2014-10-14T00:00:00Z,17294
2014-10-15T00:00:00Z,17304
2014-10-16T00:00:00Z,17304
2014-10-17T00:00:00Z,17304
2014-10-18T00:00:00Z,17304
2014-10-19T00:00:00Z,17305
2014-10-20T00:00:00Z,17305
2014-10-21T00:00:00Z,17305
2014-10-22T00:00:00Z,17305
2014-10-23T00:00:00Z,17305
2014-10-24T00:00:00Z,17305
2014-10-25T00:00:00Z,17305
2014-10-26T00:00:00Z,17316
2014-10-27T00:00:00Z,17336
2014-10-28T00:00:00Z,17336
2014-10-29T00:00:00Z,17336
2014-10-30T00:00:00Z,17336
2014-10-31T00:00:00Z,17336
2014-11-01T00:00:00Z,17336
2014-11-02T00:00:00Z,17336
2014-11-03T00:00:00Z,17336
2014-11-04T00:00:00Z,17385
2014-11-05T00:00:00Z,17389
2014-11-06T00:00:00Z,17389
2014-11-07T00:00:00Z,17389
2014-11-08T00:00:00Z,17389
2014-11-09T00:00:00Z,17389
2014-11-10T00:00:00Z,17389
2014-11-11T00:00:00Z,17389
2014-11-12T00:00:00Z,17389
2014-11-13T00:00:00Z,17389
2014-11-14T00:00:00Z,17389
2014-11-15T00:00:00Z,17389
2014-11-16T00:00:00Z,17406
2014-11-17T00:00:00Z,17446
2014-11-18T00:00:00Z,17452
2014-11-19T00:00:00Z,17451
2014-11-20T00:00:00Z,17451
2014-11-21T00:00:00Z,17451
2014-11-22T00:00:00Z,17451
2014-11-23T00:00:00Z,17451
2014-11-24T00:00:00Z,17451
2014-11-25T00:00:00Z,17451
2014-11-26T00:00:00Z,17451
2014-11-27T00:00:00Z,17451
2014-11-28T00:00:00Z,17451
2014-11-29T00:00:00Z,17451
2014-11-30T00:00:00Z,17451
2014-12-01T00:00:00Z,17641
2014-12-02T00:00:00Z,17641
2014-12-03T00:00:00Z,17641
2014-12-04T00:00:00Z,17641
2014-12-05T00:00:00Z,17641
2014-12-06T00:00:00Z,17641
2014-12-07T00:00:00Z,17641
2014-12-08T00:00:00Z,17641
2014-12-09T00:00:00Z,17641
2014-12-10T00:00:00Z,17641
2014-12-11T00:00:00Z,17641
2014-12-12T00:00:00Z,17641
2014-12-13T00:00:00Z,17641
2014-12-14T00:00:00Z,17641
2014-12-15T00:00:00Z,17733
2014-12-16T00:00:00Z,17733
2014-12-17T00:00:00Z,17733
2014-12-18T00:00:00Z,17733
2014-12-19T00:00:00Z,17733
2014-12-20T00:00:00Z,17733
2014-12-21T00:00:00Z,17733
2014-12-22T00:00:00Z,17733
2014-12-23T00:00:00Z,17733
2014-12-24T00:00:00Z,17734
2014-12-25T00:00:00Z,17734
2014-12-26T00:00:00Z,17732
2014-12-27T00:00:00Z,17732
2014-12-28T00:00:00Z,17732
2014-12-29T00:00:00Z,17732
2014-12-30T00:00:00Z,17732
2014-12-31T00:00:00Z,17729
2015-01-01T00:00:00Z,17729
2015-01-02T00:00:00Z,17729
2015-01-03T00:00:00Z,17729
2015-01-04T00:00:00Z,17729
2015-01-05T00:00:00Z,17729
2015-01-06T00:00:00Z,17729
2015-01-07T00:00:00Z,17729
2015-01-08T00:00:00Z,17729
2015-01-09T00:00:00Z,17729
2015-01-10T00:00:00Z,17729
2015-01-11T00:00:00Z,17729
2015-01-12T00:00:00Z,17729
2015-01-13T00:00:00Z,17729
2015-01-14T00:00:00Z,17729
2015-01-15T00:00:00Z,17729
2015-01-16T00:00:00Z,17729
2015-01-17T00:00:00Z,17729
2015-01-18T00:00:00Z,17729
2015-01-19T00:00:00Z,17729
2015-01-20T00:00:00Z,17729
2015-01-21T00:00:00Z,17729
2015-01-22T00:00:00Z,17729
2015-01-23T00:00:00Z,17729
2015-01-24T00:00:00Z,17729
2015-01-25T00:00:00Z,17729
2015-01-26T00:00:00Z,17729
2015-01-27T00:00:00Z,17729
2015-01-28T00:00:00Z,17729
2015-01-29T00:00:00Z,17730
2015-01-30T00:00:00Z,17730
2015-01-31T00:00:00Z,17730
2015-02-01T00:00:00Z,17730
2015-02-02T00:00:00Z,17730
2015-02-03T00:00:00Z,17730
2015-02-04T00:00:00Z,17730
2015-02-05T00:00:00Z,17730
2015-02-06T00:00:00Z,17730
2015-02-07T00:00:00Z,17730
2015-02-08T00:00:00Z,17730
2015-02-09T00:00:00Z,17730
2015-02-10T00:00:00Z,17730
2015-02-11T00:00:00Z,17730
2015-02-12T00:00:00Z,17737
2015-02-13T00:00:00Z,17766
2015-02-14T00:00:00Z,17798
2015-02-15T00:00:00Z,17815
2015-02-16T00:00:00Z,17815
2015-02-17T00:00:00Z,17815
2015-02-18T00:00:00Z,17815
2015-02-19T00:00:00Z,17815
2015-02-20T00:00:00Z,17815
2015-02-21T00:00:00Z,17815
2015-02-22T00:00:00Z,17815
2015-02-23T00:00:00Z,17815
2015-02-24T00:00:00Z,17815
2015-02-25T00:00:00Z,17815
2015-02-26T00:00:00Z,17819
2015-02-27T00:00:00Z,17819
2015-02-28T00:00:00Z,17819
2015-03-01T00:00:00Z,17819
2015-03-02T00:00:00Z,17819
2015-03-03T00:00:00Z,17819
2015-03-04T00:00:00Z,17842
2015-03-05T00:00:00Z,17843
2015-03-06T00:00:00Z,17843
2015-03-07T00:00:00Z,17843
2015-03-08T00:00:00Z,17843
2015-03-09T00:00:00Z,17846
2015-03-10T00:00:00Z,17846
2015-03-11T00:00:00Z,17846
2015-03-12T00:00:00Z,17846
2015-03-13T00:00:00Z,17846
2015-03-14T00:00:00Z,17846
2015-03-15T00:00:00Z,17846
2015-03-16T00:00:00Z,17846
2015-03-17T00:00:00Z,17846
2015-03-18T00:00:00Z,17846
2015-03-19T00:00:00Z,17847
2015-03-20T00:00:00Z,17847
2015-03-21T00:00:00Z,17849
2015-03-22T00:00:00Z,17849
2015-03-23T00:00:00Z,17849
2015-03-24T00:00:00Z,17849
2015-03-25T00:00:00Z,17849
2015-03-26T00:00:00Z,17858
2015-03-27T00:00:00Z,17864
2015-03-28T00:00:00Z,17864
2015-03-29T00:00:00Z,17866
2015-03-30T00:00:00Z,17866
2015-03-31T00:00:00Z,17866
2015-04-01T00:00:00Z,17866
2015-04-02T00:00:00Z,17868
2015-04-03T00:00:00Z,17868
2015-04-04T00:00:00Z,17868
2015-04-05T00:00:00Z,17868
2015-04-06T00:00:00Z,17868
2015-04-07T00:00:00Z,17868
2015-04-08T00:00:00Z,17868
2015-04-09T00:00:00Z,17868
2015-04-10T00:00:00Z,17868
2015-04-11T00:00:00Z,17868
2015-04-12T00:00:00Z,17868
2015-04-13T00:00:00Z,17868
2015-04-14T00:00:00Z,17868
2015-04-15T00:00:00Z,17867
2015-04-16T00:00:00Z,17867
2015-04-17T00:00:00Z,17867
2015-04-18T00:00:00Z,17867
2015-04-19T00:00:00Z,17867
2015-04-20T00:00:00Z,17867
2015-04-21T00:00:00Z,17867
2015-04-22T00:00:00Z,17867
2015-04-23T00:00:00Z,17867
2015-04-24T00:00:00Z,17867
2015-04-25T00:00:00Z,17867
2015-04-26T00:00:00Z,17867
2015-04-27T00:00:00Z,17867
2015-04-28T00:00:00Z,17867
2015-04-29T00:00:00Z,17867
2015-04-30T00:00:00Z,17877
2015-05-01T00:00:00Z,17878
2015-05-02T00:00:00Z,17878
2015-05-03T00:00:00Z,17878
2015-05-04T00:00:00Z,17878
2015-05-05T00:00:00Z,17884
2015-05-06T00:00:00Z,17884
2015-05-07T00:00:00Z,17886
2015-05-08T00:00:00Z,17886
2015-05-09T00:00:00Z,17886
2015-05-10T00:00:00Z,17886
2015-05-11T00:00:00Z,17886
2015-05-12T00:00:00Z,17886
2015-05-13T00:00:00Z,17901
2015-05-14T00:00:00Z,17909
2015-05-15T00:00:00Z,17915
2015-05-16T00:00:00Z,17915
2015-05-17T00:00:00Z,17915
2015-05-18T00:00:00Z,17915
2015-05-19T00:00:00Z,17915
2015-05-20T00:00:00Z,17915
2015-05-21T00:00:00Z,17915
2015-05-22T00:00:00Z,17915
2015-05-23T00:00:00Z,17924
2015-05-24T00:00:00Z,17924
2015-05-25T00:00:00Z,17924
2015-05-26T00:00:00Z,17924
2015-05-27T00:00:00Z,17924
2015-05-28T00:00:00Z,17931
2015-05-29T00:00:00Z,17931
2015-05-30T00:00:00Z,17931
2015-05-31T00:00:00Z,17931
2015-06-01T00:00:00Z,17931
2015-06-02T00:00:00Z,18067
2015-06-03T00:00:00Z,18067
2015-06-04T00:00:00Z,18067
2015-06-05T00:00:00Z,18067
2015-06-06T00:00:00Z,18067
2015-06-07T00:00:00Z,18067
2015-06-08T00:00:00Z,18067
2015-06-09T00:00:00Z,18067
2015-06-10T00:00:00Z,18067
2015-06-11T00:00:00Z,18067
2015-06-12T00:00:00Z,18067
2015-06-13T00:00:00Z,18067
2015-06-14T00:00:00Z,18145
2015-06-15T00:00:00Z,18366
2015-06-16T00:00:00Z,18494
2015-06-17T00:00:00Z,18681
2015-06-18T00:00:00Z,18890
2015-06-19T00:00:00Z,19008
2015-06-20T00:00:00Z,19097
2015-06-21T00:00:00Z,19351
2015-06-22T00:00:00Z,19385
2015-06-23T00:00:00Z,19517
2015-06-24T00:00:00Z,19632
2015-06-25T00:00:00Z,19751
2015-06-26T00:00:00Z,19798
2015-06-27T00:00:00Z,20029
2015-06-28T00:00:00Z,20137
2015-06-29T00:00:00Z,20328
2015-06-30T00:00:00Z,20332
2015-07-01T00:00:00Z,20611
2015-07-02T00:00:00Z,20647
2015-07-03T00:00:00Z,20799
2015-07-04T00:00:00Z,20869
2015-07-05T00:00:00Z,20973
2015-07-06T00:00:00Z,21335
2015-07-07T00:00:00Z,21465
2015-07-08T00:00:00Z,21533
2015-07-09T00:00:00Z,21561
2015-07-10T00:00:00Z,21576
2015-07-11T00:00:00Z,21660
2015-07-12T00:00:00Z,21704
2015-07-13T00:00:00Z,21738
2015-07-14T00:00:00Z,21948
2015-07-15T00:00:00Z,22178
2015-07-16T00:00:00Z,22200
2015-07-17T00:00:00Z,22271
2015-07-18T00:00:00Z,22393
2015-07-19T00:00:00Z,22531
2015-07-20T00:00:00Z,22671
2015-07-21T00:00:00Z,22745
2015-07-22T00:00:00Z,22835
2015-07-23T00:00:00Z,22845
2015-07-24T00:00:00Z,22860
2015-07-25T00:00:00Z,23072
2015-07-26T00:00:00Z,23332
2015-07-27T00:00:00Z,23460
2015-07-28T00:00:00Z,23460
2015-07-29T00:00:00Z,23471
2015-07-30T00:00:00Z,23474
2015-07-31T00:00:00Z,23532
2015-08-01T00:00:00Z,23798
2015-08-02T00:00:00Z,23811
2015-08-03T00:00:00Z,23862
2015-08-04T00:00:00Z,23951
2015-08-05T00:00:00Z,24108
2015-08-06T00:00:00Z,24173
2015-08-07T00:00:00Z,24275
2015-08-08T00:00:00Z,24331
2015-08-09T00:00:00Z,24719
2015-08-10T00:00:00Z,24721
2015-08-11T00:00:00Z,24764
2015-08-12T00:00:00Z,24768
2015-08-13T00:00:00Z,24812
2015-08-14T00:00:00Z,24812
2015-08-15T00:00:00Z,24904
2015-08-16T00:00:00Z,24936
2015-08-17T00:00:00Z,24998
2015-08-18T00:00:00Z,25006
2015-08-19T00:00:00Z,25007
2015-08-20T00:00:00Z,25014
2015-08-21T00:00:00Z,25026
2015-08-22T00:00:00Z,25080
2015-08-23T00:00:00Z,25090
2015-08-24T00:00:00Z,25116
2015-08-25T00:00:00Z,25176
2015-08-26T00:00:00Z,25230
2015-08-27T00:00:00Z,25254
2015-08-28T00:00:00Z,25275
2015-08-29T00:00:00Z,25326
2015-08-30T00:00:00Z,25332
2015-08-31T00:00:00Z,25349
2015-09-01T00:00:00Z,25380
2015-09-02T00:00:00Z,25385
2015-09-03T00:00:00Z,25385
2015-09-04T00:00:00Z,25385
2015-09-05T00:00:00Z,25451
2015-09-06T00:00:00Z,25560
2015-09-07T00:00:00Z,25590
2015-09-08T00:00:00Z,25590
2015-09-09T00:00:00Z,25590
2015-09-10T00:00:00Z,25590
2015-09-11T00:00:00Z,25590
2015-09-12T00:00:00Z,25590
2015-09-13T00:00:00Z,25590
2015-09-14T00:00:00Z,25590
2015-09-15T00:00:00Z,25651
2015-09-16T00:00:00Z,25652
2015-09-17T00:00:00Z,25652
2015-09-18T00:00:00Z,25673
2015-09-19T00:00:00Z,25698
2015-09-20T00:00:00Z,25698
2015-09-21T00:00:00Z,25922
2015-09-22T00:00:00Z,25955
2015-09-23T00:00:00Z,26082
2015-09-24T00:00:00Z,26166
2015-09-25T00:00:00Z,26249
2015-09-26T00:00:00Z,26250
2015-09-27T00:00:00Z,26340
2015-09-28T00:00:00Z,26340
2015-09-29T00:00:00Z,26340
2015-09-30T00:00:00Z,26341
2015-10-01T00:00:00Z,26341
2015-10-02T00:00:00Z,26418
2015-10-03T00:00:00Z,26488
2015-10-04T00:00:00Z,26514
2015-10-05T00:00:00Z,26549
2015-10-06T00:00:00Z,26550
2015-10-07T00:00:00Z,26550
2015-10-08T00:00:00Z,26550
2015-10-09T00:00:00Z,26550
2015-10-10T00:00:00Z,26571
2015-10-11T00:00:00Z,26571
2015-10-12T00:00:00Z,26698
2015-10-13T00:00:00Z,26698
2015-10-14T00:00:00Z,26696
2015-10-15T00:00:00Z,26696
2015-10-16T00:00:00Z,26696
2015-10-17T00:00:00Z,26744
2015-10-18T00:00:00Z,26992
2015-10-19T00:00:00Z,26744
2015-10-20T00:00:00Z,26985
2015-10-21T00:00:00Z,26744
2015-10-22T00:00:00Z,26744
2015-10-23T00:00:00Z,26744
2015-10-24T00:00:00Z,26770
2015-10-25T00:00:00Z,26769
2015-10-26T00:00:00Z,26769
2015-10-27T00:00:00Z,26776
2015-10-28T00:00:00Z,26929
2015-10-29T00:00:00Z,26951
2015-10-30T00:00:00Z,26959
2015-10-31T00:00:00Z,26991
2015-11-01T00:00:00Z,26991
2015-11-02T00:00:00Z,27026
2015-11-03T00:00:00Z,27026
2015-11-04T00:00:00Z,27026
2015-11-05T00:00:00Z,27026
2015-11-06T00:00:00Z,27026
2015-11-07T00:00:00Z,27026
2015-11-08T00:00:00Z,27026
2015-11-09T00:00:00Z,27026
2015-11-10T00:00:00Z,27048
2015-11-11T00:00:00Z,27048
2015-11-12T00:00:00Z,27048
2015-11-13T00:00:00Z,27049
2015-11-14T00:00:00Z,27137
2015-11-15T00:00:00Z,27138
2015-11-16T00:00:00Z,27138
2015-11-17T00:00:00Z,27138
2015-11-18T00:00:00Z,27138
2015-11-19T00:00:00Z,27138
2015-11-20T00:00:00Z,27141
2015-11-21T00:00:00Z,27141
2015-11-22T00:00:00Z,27141
2015-11-23T00:00:00Z,27142
2015-11-24T00:00:00Z,27151
2015-11-25T00:00:00Z,27154
2015-11-26T00:00:00Z,27209
2015-11-27T00:00:00Z,27250
2015-11-28T00:00:00Z,27250
2015-11-29T00:00:00Z,27250
2015-11-30T00:00:00Z,27250
2015-12-01T00:00:00Z,27250
2015-12-02T00:00:00Z,27250
2015-12-03T00:00:00Z,27250
2015-12-04T00:00:00Z,27272
2015-12-05T00:00:00Z,27272
2015-12-06T00:00:00Z,27690
2015-12-07T00:00:00Z,27690
2015-12-08T00:00:00Z,27690
2015-12-09T00:00:00Z,27690
2015-12-10T00:00:00Z,27690
2015-12-11T00:00:00Z,27690
2015-12-12T00:00:00Z,27690
2015-12-13T00:00:00Z,27876
2015-12-14T00:00:00Z,28123
2015-12-15T00:00:00Z,28161
2015-12-16T00:00:00Z,28161
2015-12-17T00:00:00Z,28305
2015-12-18T00:00:00Z,28305
2015-12-19T00:00:00Z,28336
2015-12-20T00:00:00Z,28713
2015-12-21T00:00:00Z,28933
2015-12-22T00:00:00Z,29067
2015-12-23T00:00:00Z,29107
2015-12-24T00:00:00Z,29068
2015-12-25T00:00:00Z,29093
2015-12-26T00:00:00Z,29093
2015-12-27T00:00:00Z,29099
2015-12-28T00:00:00Z,29099
2015-12-29T00:00:00Z,29116
2015-12-30T00:00:00Z,29116
2015-12-31T00:00:00Z,29116
2016-01-01T00:00:00Z,29116
2016-01-02T00:00:00Z,29120
2016-01-03T00:00:00Z,29120
2016-01-04T00:00:00Z,29508
2016-01-05T00:00:00Z,29508
2016-01-06T00:00:00Z,29562
2016-01-07T00:00:00Z,29562
2016-01-08T00:00:00Z,29562
2016-01-09T00:00:00Z,29562
2016-01-10T00:00:00Z,29562
2016-01-11T00:00:00Z,29562
2016-01-12T00:00:00Z,29562
2016-01-13T00:00:00Z,29568
2016-01-14T00:00:00Z,29568
2016-01-15T00:00:00Z,29568
2016-01-16T00:00:00Z,29597
2016-01-17T00:00:00Z,29596
2016-01-18T00:00:00Z,29596
2016-01-19T00:00:00Z,29644
2016-01-20T00:00:00Z,29739
2016-01-21T00:00:00Z,29739
2016-01-22T00:00:00Z,29743
2016-01-23T00:00:00Z,29743
2016-01-24T00:00:00Z,29756
2016-01-25T00:00:00Z,29789
2016-01-26T00:00:00Z,29844
2016-01-27T00:00:00Z,29844
2016-01-28T00:00:00Z,29845
2016-01-29T00:00:00Z,29845
2016-01-30T00:00:00Z,29845
2016-01-31T00:00:00Z,29845
2016-02-01T00:00:00Z,29845
2016-02-02T00:00:00Z,29845
2016-02-03T00:00:00Z,29845
2016-02-04T00:00:00Z,29846
2016-02-05T00:00:00Z,29847
2016-02-06T00:00:00Z,29847
2016-02-07T00:00:00Z,29894
2016-02-08T00:00:00Z,29894
2016-02-09T00:00:00Z,29894
2016-02-10T00:00:00Z,29894
2016-02-11T00:00:00Z,29894
2016-02-12T00:00:00Z,29894
2016-02-13T00:00:00Z,29894
2016-02-14T00:00:00Z,29893
2016-02-15T00:00:00Z,29890
2016-02-16T00:00:00Z,29890
2016-02-17T00:00:00Z,29890
2016-02-18T00:00:00Z,29866
2016-02-19T00:00:00Z,29866
2016-02-20T00:00:00Z,29866
2016-02-21T00:00:00Z,29864
2016-02-22T00:00:00Z,29864
2016-02-23T00:00:00Z,29864
2016-02-24T00:00:00Z,29864
2016-02-25T00:00:00Z,29864
2016-02-26T00:00:00Z,29864
2016-02-27T00:00:00Z,29865
2016-02-28T00:00:00Z,29865
2016-02-29T00:00:00Z,29865
2016-03-01T00:00:00Z,29865
2016-03-02T00:00:00Z,29865
2016-03-03T00:00:00Z,29865
2016-03-04T00:00:00Z,29865
2016-03-05T00:00:00Z,29865
2016-03-06T00:00:00Z,29865
2016-03-07T00:00:00Z,29889
2016-03-08T00:00:00Z,29889
2016-03-09T00:00:00Z,29889
2016-03-10T00:00:00Z,29889
2016-03-11T00:00:00Z,29889
2016-03-12T00:00:00Z,29889
2016-03-13T00:00:00Z,29889
2016-03-14T00:00:00Z,29889
2016-03-15T00:00:00Z,29889
2016-03-16T00:00:00Z,29889
2016-03-17T00:00:00Z,29889
2016-03-18T00:00:00Z,29889
2016-03-19T00:00:00Z,29889
2016-03-20T00:00:00Z,29889
2016-03-21T00:00:00Z,29889
2016-03-22T00:00:00Z,29889
2016-03-23T00:00:00Z,29889
2016-03-24T00:00:00Z,29889
2016-03-25T00:00:00Z,29891
2016-03-26T00:00:00Z,29891
2016-03-27T00:00:00Z,29891
2016-03-28T00:00:00Z,29891
2016-03-29T00:00:00Z,29891
2016-03-30T00:00:00Z,29891
2016-03-31T00:00:00Z,29898
2016-04-01T00:00:00Z,29907
2016-04-02T00:00:00Z,29907
2016-04-03T00:00:00Z,29907
2016-04-04T00:00:00Z,29907
2016-04-05T00:00:00Z,29919
2016-04-06T00:00:00Z,29977
2016-04-07T00:00:00Z,30012
2016-04-08T00:00:00Z,30015
2016-04-09T00:00:00Z,30014
2016-04-10T00:00:00Z,30015
2016-04-11T00:00:00Z,30014
2016-04-12T00:00:00Z,30014
2016-04-13T00:00:00Z,30014
2016-04-14T00:00:00Z,30014
2016-04-15T00:00:00Z,30016
2016-04-16T00:00:00Z,30030
2016-04-17T00:00:00Z,30030
2016-04-18T00:00:00Z,30056
2016-04-19T00:00:00Z,30055
2016-04-20T00:00:00Z,30055
2016-04-21T00:00:00Z,30060
2016-04-22T00:00:00Z,30060
2016-04-23T00:00:00Z,30060
2016-04-24T00:00:00Z,30097
2016-04-25T00:00:00Z,30097
2016-04-26T00:00:00Z,30097
2016-04-27T00:00:00Z,30097
2016-04-28T00:00:00Z,30099
2016-04-29T00:00:00Z,30099
2016-04-30T00:00:00Z,30099
2016-05-01T00:00:00Z,30136
2016-05-02T00:00:00Z,30136
2016-05-03T00:00:00Z,30137
2016-05-04T00:00:00Z,30203
2016-05-05T00:00:00Z,30203
2016-05-06T00:00:00Z,30203
2016-05-07T00:00:00Z,30203
2016-05-08T00:00:00Z,30203
2016-05-09T00:00:00Z,30203
2016-05-10T00:00:00Z,30236
2016-05-11T00:00:00Z,30236
2016-05-12T00:00:00Z,30236
2016-05-13T00:00:00Z,30236
2016-05-14T00:00:00Z,30236
2016-05-15T00:00:00Z,30236
2016-05-16T00:00:00Z,30236
2016-05-17T00:00:00Z,30236
2016-05-18T00:00:00Z,30236
2016-05-19T00:00:00Z,30352
2016-05-20T00:00:00Z,30408
2016-05-21T00:00:00Z,30408
2016-05-22T00:00:00Z,30408
2016-05-23T00:00:00Z,30408
2016-05-24T00:00:00Z,30408
2016-05-25T00:00:00Z,30408
2016-05-26T00:00:00Z,30408
2016-05-27T00:00:00Z,30408
2016-05-28T00:00:00Z,30408
2016-05-29T00:00:00Z,30408
2016-05-30T00:00:00Z,30408
2016-05-31T00:00:00Z,30408
2016-06-01T00:00:00Z,30408
2016-06-02T00:00:00Z,30408
2016-06-03T00:00:00Z,30408
2016-06-04T00:00:00Z,30408
2016-06-05T00:00:00Z,30408
2016-06-06T00:00:00Z,30435
2016-06-07T00:00:00Z,30436
2016-06-08T00:00:00Z,30436
2016-06-09T00:00:00Z,30436
2016-06-10T00:00:00Z,30436
2016-06-11T00:00:00Z,30437
2016-06-12T00:00:00Z,30437
2016-06-13T00:00:00Z,30437
2016-06-14T00:00:00Z,30438
2016-06-15T00:00:00Z,30438
2016-06-16T00:00:00Z,30438
2016-06-17T00:00:00Z,30438
2016-06-18T00:00:00Z,30438
2016-06-19T00:00:00Z,30438
2016-06-20T00:00:00Z,30439
2016-06-21T00:00:00Z,30439
2016-06-22T00:00:00Z,30439
2016-06-23T00:00:00Z,30439
2016-06-24T00:00:00Z,30439
2016-06-25T00:00:00Z,30439
2016-06-26T00:00:00Z,30439
2016-06-27T00:00:00Z,30439
2016-06-28T00:00:00Z,30439
2016-06-29T00:00:00Z,30439
2016-06-30T00:00:00Z,30459
2016-07-01T00:00:00Z,30459
2016-07-02T00:00:00Z,30459
2016-07-03T00:00:00Z,30459
2016-07-04T00:00:00Z,30459
2016-07-05T00:00:00Z,30594
2016-07-06T00:00:00Z,30594
2016-07-07T00:00:00Z,30594
2016-07-08T00:00:00Z,30591
2016-07-09T00:00:00Z,30592
2016-07-10T00:00:00Z,30607
2016-07-11T00:00:00Z,30607
2016-07-12T00:00:00Z,30607
2016-07-13T00:00:00Z,30607
2016-07-14T00:00:00Z,30607
2016-07-15T00:00:00Z,30607
2016-07-16T00:00:00Z,30607
2016-07-17T00:00:00Z,30607
2016-07-18T00:00:00Z,30607
2016-07-19T00:00:00Z,30607
2016-07-20T00:00:00Z,30607
2016-07-21T00:00:00Z,30607
2016-07-22T00:00:00Z,30607
2016-07-23T00:00:00Z,30618
2016-07-24T00:00:00Z,30618
2016-07-25T00:00:00Z,30618
2016-07-26T00:00:00Z,30620
2016-07-27T00:00:00Z,30734
2016-07-28T00:00:00Z,30734
2016-07-29T00:00:00Z,30780
2016-07-30T00:00:00Z,30845
2016-07-31T00:00:00Z,30846
2016-08-01T00:00:00Z,30851
2016-08-02T00:00:00Z,30852
2016-08-03T00:00:00Z,30850
2016-08-04T00:00:00Z,30852
2016-08-05T00:00:00Z,30852
2016-08-06T00:00:00Z,30852
2016-08-07T00:00:00Z,30849
2016-08-08T00:00:00Z,30849
2016-08-09T00:00:00Z,30855
2016-08-10T00:00:00Z,30855
2016-08-11T00:00:00Z,30949
2016-08-12T00:00:00Z,30949
2016-08-13T00:00:00Z,30949
2016-08-14T00:00:00Z,30949
2016-08-15T00:00:00Z,30975
2016-08-16T00:00:00Z,30984
2016-08-17T00:00:00Z,30984
2016-08-18T00:00:00Z,30984
2016-08-19T00:00:00Z,30984
2016-08-20T00:00:00Z,30976
2016-08-21T00:00:00Z,30976
2016-08-22T00:00:00Z,30998
2016-08-23T00:00:00Z,30998
2016-08-24T00:00:00Z,30999
2016-08-25T00:00:00Z,30999
2016-08-26T00:00:00Z,30999
2016-08-27T00:00:00Z,30999
2016-08-28T00:00:00Z,30999
2016-08-29T00:00:00Z,31009
2016-08-30T00:00:00Z,31012
2016-08-31T00:00:00Z,31012
2016-09-01T00:00:00Z,31017
2016-09-02T00:00:00Z,31017
2016-09-03T00:00:00Z,31017
2016-09-04T00:00:00Z,31017
2016-09-05T00:00:00Z,31028
2016-09-06T00:00:00Z,31027
2016-09-07T00:00:00Z,31039
2016-09-08T00:00:00Z,31039
2016-09-09T00:00:00Z,31039
2016-09-10T00:00:00Z,31076
2016-09-11T00:00:00Z,31076
2016-09-12T00:00:00Z,31080
2016-09-13T00:00:00Z,31080
2016-09-14T00:00:00Z,31079
2016-09-15T00:00:00Z,31079
2016-09-16T00:00:00Z,31079
2016-09-17T00:00:00Z,31079
2016-09-18T00:00:00Z,31079
2016-09-19T00:00:00Z,31079
2016-09-20T00:00:00Z,31079
2016-09-21T00:00:00Z,31133
2016-09-22T00:00:00Z,31133
2016-09-23T00:00:00Z,31133
2016-09-24T00:00:00Z,31135
2016-09-25T00:00:00Z,31137
2016-09-26T00:00:00Z,31137
2016-09-27T00:00:00Z,31138
2016-09-28T00:00:00Z,31138
2016-09-29T00:00:00Z,31138
2016-09-30T00:00:00Z,31139
2016-10-01T00:00:00Z,31139
2016-10-02T00:00:00Z,31139
2016-10-03T00:00:00Z,31157
2016-10-04T00:00:00Z,31157
2016-10-05T00:00:00Z,31157
2016-10-06T00:00:00Z,31157
2016-10-07T00:00:00Z,31166
2016-10-08T00:00:00Z,31166
2016-10-09T00:00:00Z,31164
2016-10-10T00:00:00Z,31165
2016-10-11T00:00:00Z,31166
2016-10-12T00:00:00Z,31167
2016-10-13T00:00:00Z,31167
2016-10-14T00:00:00Z,31169
2016-10-15T00:00:00Z,31214
2016-10-16T00:00:00Z,31214
2016-10-17T00:00:00Z,31214
2016-10-18T00:00:00Z,31214
2016-10-19T00:00:00Z,31216
2016-10-20T00:00:00Z,31216
2016-10-21T00:00:00Z,31216
2016-10-22T00:00:00Z,31216
2016-10-23T00:00:00Z,31216
2016-10-24T00:00:00Z,31299
2016-10-25T00:00:00Z,31299
2016-10-26T00:00:00Z,31300
2016-10-27T00:00:00Z,31300
2016-10-28T00:00:00Z,31300
2016-10-29T00:00:00Z,31300
2016-10-30T00:00:00Z,31300
2016-10-31T00:00:00Z,31300
2016-11-01T00:00:00Z,31300
2016-11-02T00:00:00Z,31300
2016-11-03T00:00:00Z,31316
2016-11-04T00:00:00Z,31316
2016-11-05T00:00:00Z,31317
2016-11-06T00:00:00Z,31317
2016-11-07T00:00:00Z,31317
2016-11-08T00:00:00Z,31336
2016-11-09T00:00:00Z,31341
2016-11-10T00:00:00Z,31411
2016-11-11T00:00:00Z,31561
2016-11-12T00:00:00Z,31561
2016-11-13T00:00:00Z,31568
2016-11-14T00:00:00Z,31568
2016-11-15T00:00:00Z,31599
2016-11-16T00:00:00Z,31600
2016-11-17T00:00:00Z,31600
2016-11-18T00:00:00Z,31626
2016-11-19T00:00:00Z,31626
2016-11-20T00:00:00Z,31626
2016-11-21T00:00:00Z,31626
2016-11-22T00:00:00Z,31626
2016-11-23T00:00:00Z,31626
2016-11-24T00:00:00Z,31627
2016-11-25T00:00:00Z,31627
2016-11-26T00:00:00Z,31627
2016-11-27T00:00:00Z,31627
2016-11-28T00:00:00Z,31628
2016-11-29T00:00:00Z,31628
2016-11-30T00:00:00Z,31629
2016-12-01T00:00:00Z,31629
2016-12-02T00:00:00Z,31630
2016-12-03T00:00:00Z,31630
2016-12-04T00:00:00Z,31630
2016-12-05T00:00:00Z,31630
2016-12-06T00:00:00Z,31632
2016-12-07T00:00:00Z,31632
2016-12-08T00:00:00Z,31632
2016-12-09T00:00:00Z,31632
2016-12-10T00:00:00Z,31632
2016-12-11T00:00:00Z,31634
2016-12-12T00:00:00Z,31634
2016-12-13T00:00:00Z,31634
2016-12-14T00:00:00Z,31690
2016-12-15T00:00:00Z,31695
2016-12-16T00:00:00Z,31707
2016-12-17T00:00:00Z,31707
2016-12-18T00:00:00Z,31707
2016-12-19T00:00:00Z,31707
2016-12-20T00:00:00Z,31705
2016-12-21T00:00:00Z,31705
2016-12-22T00:00:00Z,31708
2016-12-23T00:00:00Z,31708
2016-12-24T00:00:00Z,31708
2016-12-25T00:00:00Z,31708
2016-12-26T00:00:00Z,31708
2016-12-27T00:00:00Z,31708
2016-12-28T00:00:00Z,31721
2016-12-29T00:00:00Z,31721
2016-12-30T00:00:00Z,31768
2016-12-31T00:00:00Z,31768
2017-01-01T00:00:00Z,31793
2017-01-02T00:00:00Z,31793
2017-01-03T00:00:00Z,31844
2017-01-04T00:00:00Z,31961
2017-01-05T00:00:00Z,31961
2017-01-06T00:00:00Z,31968
2017-01-07T00:00:00Z,31976
2017-01-08T00:00:00Z,31980
2017-01-09T00:00:00Z,31982
2017-01-10T00:00:00Z,31990
2017-01-11T00:00:00Z,31990
2017-01-12T00:00:00Z,31990
2017-01-13T00:00:00Z,31990
2017-01-14T00:00:00Z,31990
2017-01-15T00:00:00Z,32010
2017-01-16T00:00:00Z,32010
2017-01-17T00:00:00Z,32010
2017-01-18T00:00:00Z,32010
2017-01-19T00:00:00Z,32010
2017-01-20T00:00:00Z,32010
2017-01-21T00:00:00Z,32010
2017-01-22T00:00:00Z,32010
2017-01-23T00:00:00Z,32010
2017-01-24T00:00:00Z,32016
2017-01-25T00:00:00Z,32096
2017-01-26T00:00:00Z,32096
2017-01-27T00:00:00Z,32103
2017-01-28T00:00:00Z,32103
2017-01-29T00:00:00Z,32103
2017-01-30T00:00:00Z,32103
2017-01-31T00:00:00Z,32127
2017-02-01T00:00:00Z,32133
2017-02-02T00:00:00Z,32133
2017-02-03T00:00:00Z,32167
2017-02-04T00:00:00Z,32167
2017-02-05T00:00:00Z,32167
2017-02-06T00:00:00Z,32166
2017-02-07T00:00:00Z,32166
2017-02-08T00:00:00Z,32167
2017-02-09T00:00:00Z,32170
2017-02-10T00:00:00Z,32170
2017-02-11T00:00:00Z,32170
2017-02-12T00:00:00Z,32170
2017-02-13T00:00:00Z,32171
2017-02-14T00:00:00Z,32170
2017-02-15T00:00:00Z,32170
2017-02-16T00:00:00Z,32170
2017-02-17T00:00:00Z,32170
2017-02-18T00:00:00Z,32170
2017-02-19T00:00:00Z,32170
2017-02-20T00:00:00Z,32170
2017-02-21T00:00:00Z,32183
2017-02-22T00:00:00Z,32183
2017-02-23T00:00:00Z,32187
2017-02-24T00:00:00Z,32198
2017-02-25T00:00:00Z,32198
2017-02-26T00:00:00Z,32198
2017-02-27T00:00:00Z,32198
2017-02-28T00:00:00Z,32220
2017-03-01T00:00:00Z,32393
2017-03-02T00:00:00Z,32393
2017-03-03T00:00:00Z,32430
2017-03-04T00:00:00Z,32631
2017-03-05T00:00:00Z,32648
2017-03-06T00:00:00Z,32648
2017-03-07T00:00:00Z,32651
2017-03-08T00:00:00Z,32652
2017-03-09T00:00:00Z,32652
2017-03-10T00:00:00Z,32652
2017-03-11T00:00:00Z,32682
2017-03-12T00:00:00Z,32682
2017-03-13T00:00:00Z,32682
2017-03-14T00:00:00Z,32683
2017-03-15T00:00:00Z,32681
2017-03-16T00:00:00Z,32692
2017-03-17T00:00:00Z,32891
2017-03-18T00:00:00Z,32891
2017-03-19T00:00:00Z,33015
2017-03-20T00:00:00Z,33015
2017-03-21T00:00:00Z,33015
2017-03-22T00:00:00Z,33087
2017-03-23T00:00:00Z,33147
2017-03-24T00:00:00Z,33147
2017-03-25T00:00:00Z,33147
2017-03-26T00:00:00Z,33167
2017-03-27T00:00:00Z,33329
2017-03-28T00:00:00Z,32988
2017-03-29T00:00:00Z,32988
2017-03-30T00:00:00Z,32988
2017-03-31T00:00:00Z,33023
2017-04-01T00:00:00Z,33023
2017-04-02T00:00:00Z,33024
2017-04-03T00:00:00Z,33024
2017-04-04T00:00:00Z,33014
2017-04-05T00:00:00Z,33014
2017-04-06T00:00:00Z,33014
2017-04-07T00:00:00Z,33014
2017-04-08T00:00:00Z,33037
2017-04-09T00:00:00Z,33037
2017-04-10T00:00:00Z,33037
2017-04-11T00:00:00Z,33037
2017-04-12T00:00:00Z,33037
2017-04-13T00:00:00Z,33041
2017-04-14T00:00:00Z,33041
2017-04-15T00:00:00Z,33041
2017-04-16T00:00:00Z,33042
2017-04-17T00:00:00Z,33042
2017-04-18T00:00:00Z,33042
2017-04-19T00:00:00Z,33042
2017-04-20T00:00:00Z,33043
2017-04-21T00:00:00Z,33043
2017-04-22T00:00:00Z,33043
2017-04-23T00:00:00Z,33043
2017-04-24T00:00:00Z,33043
2017-04-25T00:00:00Z,33043
2017-04-26T00:00:00Z,33043
2017-04-27T00:00:00Z,33050
2017-04-28T00:00:00Z,33100
2017-04-29T00:00:00Z,33100
2017-04-30T00:00:00Z,33100
2017-05-01T00:00:00Z,33100
2017-05-02T00:00:00Z,33100
2017-05-03T00:00:00Z,33100
2017-05-04T00:00:00Z,33100
2017-05-05T00:00:00Z,33100
2017-05-06T00:00:00Z,33100
2017-05-07T00:00:00Z,33100
2017-05-08T00:00:00Z,33100
2017-05-09T00:00:00Z,33100
2017-05-10T00:00:00Z,33104
2017-05-11T00:00:00Z,33108
2017-05-12T00:00:00Z,33108
2017-05-13T00:00:00Z,33108
2017-05-14T00:00:00Z,33108
2017-05-15T00:00:00Z,33109
2017-05-16T00:00:00Z,33109
2017-05-17T00:00:00Z,33109
2017-05-18T00:00:00Z,33115
2017-05-19T00:00:00Z,33115
2017-05-20T00:00:00Z,33115
2017-05-21T00:00:00Z,33115
2017-05-22T00:00:00Z,33180
2017-05-23T00:00:00Z,33180
2017-05-24T00:00:00Z,33227
2017-05-25T00:00:00Z,33246
2017-05-26T00:00:00Z,33434
2017-05-27T00:00:00Z,33434
2017-05-28T00:00:00Z,33434
2017-05-29T00:00:00Z,33437
2017-05-30T00:00:00Z,33485
2017-05-31T00:00:00Z,33485
2017-06-01T00:00:00Z,33485
2017-06-02T00:00:00Z,33485
2017-06-03T00:00:00Z,33485
2017-06-04T00:00:00Z,33501
2017-06-05T00:00:00Z,33561
2017-06-06T00:00:00Z,33593
2017-06-07T00:00:00Z,33594
2017-06-08T00:00:00Z,33684
2017-06-09T00:00:00Z,33684
2017-06-10T00:00:00Z,33684
2017-06-11T00:00:00Z,33684
2017-06-12T00:00:00Z,33684
2017-06-13T00:00:00Z,33697
2017-06-14T00:00:00Z,33717
2017-06-15T00:00:00Z,33778
2017-06-16T00:00:00Z,33778
2017-06-17T00:00:00Z,33778
2017-06-18T00:00:00Z,33813
2017-06-19T00:00:00Z,33813
2017-06-20T00:00:00Z,33816
2017-06-21T00:00:00Z,33819
2017-06-22T00:00:00Z,33819
2017-06-23T00:00:00Z,33819
2017-06-24T00:00:00Z,33819
2017-06-25T00:00:00Z,33819
2017-06-26T00:00:00Z,33822
2017-06-27T00:00:00Z,33832
2017-06-28T00:00:00Z,33832
2017-06-29T00:00:00Z,33841
2017-06-30T00:00:00Z,33845
2017-07-01T00:00:00Z,33845
2017-07-02T00:00:00Z,33845
2017-07-03T00:00:00Z,33846
2017-07-04T00:00:00Z,33846
2017-07-05T00:00:00Z,33846
2017-07-06T00:00:00Z,33846
2017-07-07T00:00:00Z,33916
2017-07-08T00:00:00Z,33916
2017-07-09T00:00:00Z,33916
2017-07-10T00:00:00Z,33916
2017-07-11T00:00:00Z,33918
2017-07-12T00:00:00Z,33918
2017-07-13T00:00:00Z,33918
2017-07-14T00:00:00Z,33936
2017-07-15T00:00:00Z,33936
2017-07-16T00:00:00Z,33936
2017-07-17T00:00:00Z,33965
2017-07-18T00:00:00Z,33965
2017-07-19T00:00:00Z,33965
2017-07-20T00:00:00Z,33973
2017-07-21T00:00:00Z,33974
2017-07-22T00:00:00Z,33974
2017-07-23T00:00:00Z,33974
2017-07-24T00:00:00Z,33974
2017-07-25T00:00:00Z,33974
2017-07-26T00:00:00Z,33976
2017-07-27T00:00:00Z,33976
2017-07-28T00:00:00Z,33976
2017-07-29T00:00:00Z,33976
2017-07-30T00:00:00Z,33976
2017-07-31T00:00:00Z,33978
2017-08-01T00:00:00Z,34000
2017-08-02T00:00:00Z,34022
2017-08-03T00:00:00Z,34028
2017-08-04T00:00:00Z,34028
2017-08-05T00:00:00Z,34028
2017-08-06T00:00:00Z,34028
2017-08-07T00:00:00Z,34028
2017-08-08T00:00:00Z,34041
2017-08-09T00:00:00Z,34069
2017-08-10T00:00:00Z,34069
2017-08-11T00:00:00Z,34070
2017-08-12T00:00:00Z,34111
2017-08-13T00:00:00Z,34112
2017-08-14T00:00:00Z,34121
2017-08-15T00:00:00Z,34122
2017-08-16T00:00:00Z,34122
2017-08-17T00:00:00Z,34123
2017-08-18T00:00:00Z,34123
2017-08-19T00:00:00Z,34161
2017-08-20T00:00:00Z,34161
2017-08-21T00:00:00Z,34164
2017-08-22T00:00:00Z,34161
2017-08-23T00:00:00Z,34161
2017-08-24T00:00:00Z,34161
2017-08-25T00:00:00Z,34161
2017-08-26T00:00:00Z,34161
2017-08-27T00:00:00Z,34161
2017-08-28T00:00:00Z,34161
2017-08-29T00:00:00Z,34161
2017-08-30T00:00:00Z,34161
2017-08-31T00:00:00Z,34161
2017-09-01T00:00:00Z,34161
2017-09-02T00:00:00Z,34162
2017-09-03T00:00:00Z,34162
2017-09-04T00:00:00Z,34239
2017-09-05T00:00:00Z,34240
2017-09-06T00:00:00Z,34240
2017-09-07T00:00:00Z,34240
2017-09-08T00:00:00Z,34240
2017-09-09T00:00:00Z,34249
2017-09-10T00:00:00Z,34249
2017-09-11T00:00:00Z,34250
2017-09-12T00:00:00Z,34252
2017-09-13T00:00:00Z,34252
2017-09-14T00:00:00Z,34253
2017-09-15T00:00:00Z,34276
2017-09-16T00:00:00Z,34331
2017-09-17T00:00:00Z,34331
2017-09-18T00:00:00Z,34332
2017-09-19T00:00:00Z,34332
2017-09-20T00:00:00Z,34338
2017-09-21T00:00:00Z,34338
2017-09-22T00:00:00Z,34593
2017-09-23T00:00:00Z,34593
2017-09-24T00:00:00Z,34593
2017-09-25T00:00:00Z,34593
2017-09-26T00:00:00Z,34593
2017-09-27T00:00:00Z,34594
2017-09-28T00:00:00Z,34594
2017-09-29T00:00:00Z,34693
2017-09-30T00:00:00Z,34703
2017-10-01T00:00:00Z,34724
2017-10-02T00:00:00Z,34725
2017-10-03T00:00:00Z,34729
2017-10-04T00:00:00Z,34730
2017-10-05T00:00:00Z,34733
2017-10-06T00:00:00Z,34748
2017-10-07T00:00:00Z,34748
2017-10-08T00:00:00Z,34750
2017-10-09T00:00:00Z,34750
2017-10-10T00:00:00Z,34750
2017-10-11T00:00:00Z,34750
2017-10-12T00:00:00Z,34750
2017-10-13T00:00:00Z,34750
2017-10-14T00:00:00Z,34753
2017-10-15T00:00:00Z,34753
2017-10-16T00:00:00Z,34753
2017-10-17T00:00:00Z,34760
2017-10-18T00:00:00Z,34761
2017-10-19T00:00:00Z,34819
2017-10-20T00:00:00Z,34819
2017-10-21T00:00:00Z,34826
2017-10-22T00:00:00Z,34826
2017-10-23T00:00:00Z,34911
2017-10-24T00:00:00Z,35159
2017-10-25T00:00:00Z,35209
2017-10-26T00:00:00Z,35300
2017-10-27T00:00:00Z,35340
2017-10-28T00:00:00Z,35491
2017-10-29T00:00:00Z,35491
2017-10-30T00:00:00Z,35627
2017-10-31T00:00:00Z,35932
2017-11-01T00:00:00Z,35949
2017-11-02T00:00:00Z,35949
2017-11-03T00:00:00Z,35951
2017-11-04T00:00:00Z,35952
2017-11-05T00:00:00Z,35952
2017-11-06T00:00:00Z,35952
2017-11-07T00:00:00Z,36085
2017-11-08T00:00:00Z,36371
2017-11-09T00:00:00Z,36371
2017-11-10T00:00:00Z,36371
2017-11-11T00:00:00Z,36371
2017-11-12T00:00:00Z,36372
2017-11-13T00:00:00Z,36404
2017-11-14T00:00:00Z,36413
2017-11-15T00:00:00Z,36413
2017-11-16T00:00:00Z,36413
2017-11-17T00:00:00Z,36414
2017-11-18T00:00:00Z,36430
2017-11-19T00:00:00Z,36442
2017-11-20T00:00:00Z,36451
2017-11-21T00:00:00Z,36452
2017-11-22T00:00:00Z,36453
2017-11-23T00:00:00Z,36454
2017-11-24T00:00:00Z,36458
2017-11-25T00:00:00Z,36458
2017-11-26T00:00:00Z,36460
2017-11-27T00:00:00Z,36661
2017-11-28T00:00:00Z,36713
2017-11-29T00:00:00Z,36713
2017-11-30T00:00:00Z,36713
2017-12-01T00:00:00Z,36714
2017-12-02T00:00:00Z,36715
2017-12-03T00:00:00Z,36715
2017-12-04T00:00:00Z,36716
2017-12-05T00:00:00Z,36716
2017-12-06T00:00:00Z,36744
2017-12-07T00:00:00Z,36744
2017-12-08T00:00:00Z,36744
2017-12-09T00:00:00Z,36748
2017-12-10T00:00:00Z,36754
2017-12-11T00:00:00Z,36754
2017-12-12T00:00:00Z,36756
2017-12-13T00:00:00Z,36758
2017-12-14T00:00:00Z,36758
2017-12-15T00:00:00Z,36759
2017-12-16T00:00:00Z,36759
2017-12-17T00:00:00Z,36759
2017-12-18T00:00:00Z,36759
2017-12-19T00:00:00Z,36759
2017-12-20T00:00:00Z,36759
2017-12-21T00:00:00Z,36759
2017-12-22T00:00:00Z,36759
2017-12-23T00:00:00Z,36759
2017-12-24T00:00:00Z,36759
2017-12-25T00:00:00Z,36759
2017-12-26T00:00:00Z,36765
2017-12-27T00:00:00Z,36765
2017-12-28T00:00:00Z,36765
2017-12-29T00:00:00Z,36765
2017-12-30T00:00:00Z,36770
2017-12-31T00:00:00Z,36770
2018-01-01T00:00:00Z,36770
2018-01-02T00:00:00Z,36773
2018-01-03T00:00:00Z,36773
2018-01-04T00:00:00Z,36773
2018-01-05T00:00:00Z,36773
2018-01-06T00:00:00Z,36773
2018-01-07T00:00:00Z,36773
2018-01-08T00:00:00Z,36773
2018-01-09T00:00:00Z,36773
2018-01-10T00:00:00Z,36773
2018-01-11T00:00:00Z,36774
2018-01-12T00:00:00Z,36778
2018-01-13T00:00:00Z,36778
2018-01-14T00:00:00Z,36778
2018-01-15T00:00:00Z,36778
2018-01-16T00:00:00Z,36778
2018-01-17T00:00:00Z,36778
2018-01-18T00:00:00Z,36778
2018-01-19T00:00:00Z,36778
2018-01-20T00:00:00Z,36833
2018-01-21T00:00:00Z,36834
2018-01-22T00:00:00Z,36838
2018-01-23T00:00:00Z,36840
2018-01-24T00:00:00Z,36867
2018-01-25T00:00:00Z,36867
2018-01-26T00:00:00Z,36867
2018-01-27T00:00:00Z,36867
2018-01-28T00:00:00Z,36869
2018-01-29T00:00:00Z,36869
2018-01-30T00:00:00Z,36869
2018-01-31T00:00:00Z,36876
2018-02-01T00:00:00Z,36882
2018-02-02T00:00:00Z,36882
2018-02-03T00:00:00Z,36882
2018-02-04T00:00:00Z,36884
2018-02-05T00:00:00Z,36894
2018-02-06T00:00:00Z,36894
2018-02-07T00:00:00Z,36902
2018-02-08T00:00:00Z,36902
2018-02-09T00:00:00Z,36902
2018-02-10T00:00:00Z,36910
2018-02-11T00:00:00Z,36920
2018-02-12T00:00:00Z,37174
2018-02-13T00:00:00Z,37175
2018-02-14T00:00:00Z,37237
2018-02-15T00:00:00Z,37277
2018-02-16T00:00:00Z,37342
2018-02-17T00:00:00Z,37423
2018-02-18T00:00:00Z,37502
2018-02-19T00:00:00Z,37540
2018-02-20T00:00:00Z,37566
2018-02-21T00:00:00Z,37592
2018-02-22T00:00:00Z,37592
2018-02-23T00:00:00Z,37677
2018-02-24T00:00:00Z,37748
2018-02-25T00:00:00Z,38043
2018-02-26T00:00:00Z,38198
2018-02-27T00:00:00Z,38368
2018-02-28T00:00:00Z,38507
2018-03-01T00:00:00Z,38507
2018-03-02T00:00:00Z,38508
2018-03-03T00:00:00Z,38508
2018-03-04T00:00:00Z,38533
2018-03-05T00:00:00Z,38612
2018-03-06T00:00:00Z,38669
2018-03-07T00:00:00Z,38669
2018-03-08T00:00:00Z,38669
2018-03-09T00:00:00Z,38669
2018-03-10T00:00:00Z,38740
2018-03-11T00:00:00Z,38740
2018-03-12T00:00:00Z,38740
2018-03-13T00:00:00Z,38740
2018-03-14T00:00:00Z,38740
2018-03-15T00:00:00Z,38740
2018-03-16T00:00:00Z,38747
2018-03-17T00:00:00Z,38747
2018-03-18T00:00:00Z,38747
2018-03-19T00:00:00Z,38747
2018-03-20T00:00:00Z,38747
2018-03-21T00:00:00Z,38747
2018-03-22T00:00:00Z,38763
2018-03-23T00:00:00Z,38797
2018-03-24T00:00:00Z,38799
2018-03-25T00:00:00Z,38799
2018-03-26T00:00:00Z,38799
2018-03-27T00:00:00Z,38799
2018-03-28T00:00:00Z,38799
2018-03-29T00:00:00Z,38850
2018-03-30T00:00:00Z,38850
2018-03-31T00:00:00Z,38850
2018-04-01T00:00:00Z,38850
2018-04-02T00:00:00Z,38853
2018-04-03T00:00:00Z,38853
2018-04-04T00:00:00Z,38853
2018-04-05T00:00:00Z,38853
2018-04-06T00:00:00Z,38853
2018-04-07T00:00:00Z,38853
2018-04-08T00:00:00Z,38853
2018-04-09T00:00:00Z,38853
2018-04-10T00:00:00Z,38853
2018-04-11T00:00:00Z,38854
2018-04-12T00:00:00Z,38854
2018-04-13T00:00:00Z,38854
2018-04-14T00:00:00Z,38854
2018-04-15T00:00:00Z,38854
2018-04-16T00:00:00Z,38854
2018-04-17T00:00:00Z,38854
2018-04-18T00:00:00Z,38854
2018-04-19T00:00:00Z,38854
2018-04-20T00:00:00Z,38854
2018-04-21T00:00:00Z,38854
2018-04-22T00:00:00Z,38854
2018-04-23T00:00:00Z,38857
2018-04-24T00:00:00Z,38857
2018-04-25T00:00:00Z,38857
2018-04-26T00:00:00Z,38857
2018-04-27T00:00:00Z,38857
2018-04-28T00:00:00Z,38857
2018-04-29T00:00:00Z,38857
2018-04-30T00:00:00Z,38857
2018-05-01T00:00:00Z,38860
2018-05-02T00:00:00Z,38861
2018-05-03T00:00:00Z,38861
2018-05-04T00:00:00Z,38861
2018-05-05T00:00:00Z,38861
2018-05-06T00:00:00Z,38861
2018-05-07T00:00:00Z,38861
2018-05-08T00:00:00Z,38861
2018-05-09T00:00:00Z,38861
2018-05-10T00:00:00Z,38862
2018-05-11T00:00:00Z,38862
2018-05-12T00:00:00Z,38862
2018-05-13T00:00:00Z,39038
2018-05-14T00:00:00Z,39125
2018-05-15T00:00:00Z,39125
2018-05-16T00:00:00Z,39176
2018-05-17T00:00:00Z,39325
2018-05-18T00:00:00Z,39351
2018-05-19T00:00:00Z,39352
2018-05-20T00:00:00Z,39512
2018-05-21T00:00:00Z,39513
2018-05-22T00:00:00Z,39554
2018-05-23T00:00:00Z,39571
2018-05-24T00:00:00Z,39622
2018-05-25T00:00:00Z,39631
2018-05-26T00:00:00Z,39643
2018-05-27T00:00:00Z,39662
2018-05-28T00:00:00Z,39662
2018-05-29T00:00:00Z,39672
2018-05-30T00:00:00Z,39779
2018-05-31T00:00:00Z,39779
2018-06-01T00:00:00Z,39787
2018-06-02T00:00:00Z,39788
2018-06-03T00:00:00Z,39789
2018-06-04T00:00:00Z,39792
2018-06-05T00:00:00Z,39792
2018-06-06T00:00:00Z,39793
2018-06-07T00:00:00Z,39793
2018-06-08T00:00:00Z,39793
2018-06-09T00:00:00Z,39793
2018-06-10T00:00:00Z,39793
2018-06-11T00:00:00Z,39793
2018-06-12T00:00:00Z,39794
2018-06-13T00:00:00Z,39795
2018-06-14T00:00:00Z,39796
2018-06-15T00:00:00Z,39803
2018-06-16T00:00:00Z,39803
2018-06-17T00:00:00Z,39831
2018-06-18T00:00:00Z,39840
2018-06-19T00:00:00Z,39850
2018-06-20T00:00:00Z,39863
2018-06-21T00:00:00Z,39894
2018-06-22T00:00:00Z,39896
2018-06-23T00:00:00Z,39896
2018-06-24T00:00:00Z,39922
2018-06-25T00:00:00Z,39935
2018-06-26T00:00:00Z,39935
2018-06-27T00:00:00Z,39935
2018-06-28T00:00:00Z,39941
2018-06-29T00:00:00Z,39943
2018-06-30T00:00:00Z,39942
2018-07-01T00:00:00Z,39942
2018-07-02T00:00:00Z,39978
2018-07-03T00:00:00Z,39978
2018-07-04T00:00:00Z,39977
2018-07-05T00:00:00Z,39977
2018-07-06T00:00:00Z,39982
2018-07-07T00:00:00Z,39982
2018-07-08T00:00:00Z,39983
2018-07-09T00:00:00Z,39983
2018-07-10T00:00:00Z,39983
2018-07-11T00:00:00Z,39991
2018-07-12T00:00:00Z,39991
2018-07-13T00:00:00Z,39991
2018-07-14T00:00:00Z,39991
2018-07-15T00:00:00Z,39991
2018-07-16T00:00:00Z,39991
2018-07-17T00:00:00Z,39991
2018-07-18T00:00:00Z,39996
2018-07-19T00:00:00Z,40015
2018-07-20T00:00:00Z,40018
2018-07-21T00:00:00Z,40025
2018-07-22T00:00:00Z,40033
2018-07-23T00:00:00Z,40049
2018-07-24T00:00:00Z,40049
2018-07-25T00:00:00Z,40049
2018-07-26T00:00:00Z,40049
2018-07-27T00:00:00Z,40049
2018-07-28T00:00:00Z,40062
2018-07-29T00:00:00Z,40084
2018-07-30T00:00:00Z,40089
2018-07-31T00:00:00Z,40089
2018-08-01T00:00:00Z,40102
2018-08-02T00:00:00Z,40102
2018-08-03T00:00:00Z,40102
2018-08-04T00:00:00Z,40102
2018-08-05T00:00:00Z,40102
2018-08-06T00:00:00Z,40102
2018-08-07T00:00:00Z,40102
2018-08-08T00:00:00Z,40102
2018-08-09T00:00:00Z,40102
2018-08-10T00:00:00Z,40103
2018-08-11T00:00:00Z,40106
2018-08-12T00:00:00Z,40107
2018-08-13T00:00:00Z,40107
2018-08-14T00:00:00Z,40107
2018-08-15T00:00:00Z,40107
2018-08-16T00:00:00Z,40107
2018-08-17T00:00:00Z,40107
2018-08-18T00:00:00Z,40108
2018-08-19T00:00:00Z,40111
2018-08-20T00:00:00Z,40111
2018-08-21T00:00:00Z,40111
2018-08-22T00:00:00Z,40111
2018-08-23T00:00:00Z,40111
2018-08-24T00:00:00Z,40124
2018-08-25T00:00:00Z,40205
2018-08-26T00:00:00Z,40217
2018-08-27T00:00:00Z,40227
2018-08-28T00:00:00Z,40240
2018-08-29T00:00:00Z,40279
2018-08-30T00:00:00Z,40279
2018-08-31T00:00:00Z,40279
2018-09-01T00:00:00Z,40292
2018-09-02T00:00:00Z,40292
2018-09-03T00:00:00Z,40292
2018-09-04T00:00:00Z,40291
2018-09-05T00:00:00Z,40291
2018-09-06T00:00:00Z,40291
2018-09-07T00:00:00Z,40291
2018-09-08T00:00:00Z,40291
2018-09-09T00:00:00Z,40339
2018-09-10T00:00:00Z,40362
2018-09-11T00:00:00Z,40362
2018-09-12T00:00:00Z,40380
2018-09-13T00:00:00Z,40380
2018-09-14T00:00:00Z,40383
2018-09-15T00:00:00Z,40383
2018-09-16T00:00:00Z,40387
2018-09-17T00:00:00Z,40388
2018-09-18T00:00:00Z,40389
2018-09-19T00:00:00Z,40389
2018-09-20T00:00:00Z,40389
2018-09-21T00:00:00Z,40389
2018-09-22T00:00:00Z,40411
2018-09-23T00:00:00Z,40444
2018-09-24T00:00:00Z,40444
2018-09-25T00:00:00Z,40446
2018-09-26T00:00:00Z,40446
2018-09-27T00:00:00Z,40451
2018-09-28T00:00:00Z,40451
2018-09-29T00:00:00Z,40452
2018-09-30T00:00:00Z,40452
2018-10-01T00:00:00Z,40451
2018-10-02T00:00:00Z,40457
2018-10-03T00:00:00Z,40477
2018-10-04T00:00:00Z,40521
2018-10-05T00:00:00Z,40645
2018-10-06T00:00:00Z,40648
2018-10-07T00:00:00Z,40705
2018-10-08T00:00:00Z,40710
2018-10-09T00:00:00Z,40712
2018-10-10T00:00:00Z,40714
2018-10-11T00:00:00Z,40718
2018-10-12T00:00:00Z,40718
2018-10-13T00:00:00Z,40719
2018-10-14T00:00:00Z,40763
2018-10-15T00:00:00Z,40870
2018-10-16T00:00:00Z,40874
2018-10-17T00:00:00Z,40874
2018-10-18T00:00:00Z,40875
2018-10-19T00:00:00Z,40876
2018-10-20T00:00:00Z,40879
2018-10-21T00:00:00Z,40879
2018-10-22T00:00:00Z,40881
2018-10-23T00:00:00Z,40976
2018-10-24T00:00:00Z,40980
2018-10-25T00:00:00Z,40982
2018-10-26T00:00:00Z,40985
2018-10-27T00:00:00Z,40985
2018-10-28T00:00:00Z,40985
2018-10-29T00:00:00Z,40985
2018-10-30T00:00:00Z,40987
2018-10-31T00:00:00Z,40987
2018-11-01T00:00:00Z,40987
2018-11-02T00:00:00Z,40987
2018-11-03T00:00:00Z,40987
2018-11-04T00:00:00Z,40987
2018-11-05T00:00:00Z,40995
2018-11-06T00:00:00Z,40995
2018-11-07T00:00:00Z,40995
2018-11-08T00:00:00Z,41046
2018-11-09T00:00:00Z,41129
2018-11-10T00:00:00Z,41200
2018-11-11T00:00:00Z,41212
2018-11-12T00:00:00Z,41334
2018-11-13T00:00:00Z,41389
2018-11-14T00:00:00Z,41440
2018-11-15T00:00:00Z,41474
2018-11-16T00:00:00Z,41487
2018-11-17T00:00:00Z,41487
2018-11-18T00:00:00Z,41487
2018-11-19T00:00:00Z,41502
2018-11-20T00:00:00Z,41502
2018-11-21T00:00:00Z,41502
2018-11-22T00:00:00Z,41506
2018-11-23T00:00:00Z,41507
2018-11-24T00:00:00Z,41507
2018-11-25T00:00:00Z,41511
2018-11-26T00:00:00Z,41511
2018-11-27T00:00:00Z,41516
2018-11-28T00:00:00Z,41518
2018-11-29T00:00:00Z,41518
2018-11-30T00:00:00Z,41518
2018-12-01T00:00:00Z,41518
2018-12-02T00:00:00Z,41518
2018-12-03T00:00:00Z,41518
2018-12-04T00:00:00Z,41518
2018-12-05T00:00:00Z,41535
2018-12-06T00:00:00Z,41535
2018-12-07T00:00:00Z,41536
2018-12-08T00:00:00Z,41535
2018-12-09T00:00:00Z,41535
2018-12-10T00:00:00Z,41535
2018-12-11T00:00:00Z,41535
2018-12-12T00:00:00Z,41535
2018-12-13T00:00:00Z,41535
2018-12-14T00:00:00Z,41536
2018-12-15T00:00:00Z,41536
2018-12-16T00:00:00Z,41536
2018-12-17T00:00:00Z,41536
2018-12-18T00:00:00Z,41536
2018-12-19T00:00:00Z,41536
2018-12-20T00:00:00Z,41536
2018-12-21T00:00:00Z,41536
2018-12-22T00:00:00Z,41536
2018-12-23T00:00:00Z,41536
2018-12-24T00:00:00Z,41551
2018-12-25T00:00:00Z,41551
2018-12-26T00:00:00Z,41551
2018-12-27T00:00:00Z,41551
2018-12-28T00:00:00Z,41686
2018-12-29T00:00:00Z,41686
2018-12-30T00:00:00Z,41686
2018-12-31T00:00:00Z,41686
2019-01-01T00:00:00Z,41686
2019-01-02T00:00:00Z,41686
2019-01-03T00:00:00Z,41686
2019-01-04T00:00:00Z,41686
2019-01-05T00:00:00Z,41686
2019-01-06T00:00:00Z,41686
2019-01-07T00:00:00Z,41686
2019-01-08T00:00:00Z,41686
2019-01-09T00:00:00Z,41687
2019-01-10T00:00:00Z,41687
2019-01-11T00:00:00Z,41687
2019-01-12T00:00:00Z,41687
2019-01-13T00:00:00Z,41687
2019-01-14T00:00:00Z,41687
2019-01-15T00:00:00Z,41687
2019-01-16T00:00:00Z,41688
2019-01-17T00:00:00Z,41688
2019-01-18T00:00:00Z,41688
2019-01-19T00:00:00Z,41688
2019-01-20T00:00:00Z,41714
2019-01-21T00:00:00Z,41714
2019-01-22T00:00:00Z,41714
2019-01-23T00:00:00Z,41721
2019-01-24T00:00:00Z,41760
2019-01-25T00:00:00Z,41829
2019-01-26T00:00:00Z,41829
2019-01-27T00:00:00Z,41829
2019-01-28T00:00:00Z,41829
2019-01-29T00:00:00Z,41840
2019-01-30T00:00:00Z,41840
2019-01-31T00:00:00Z,41826
2019-02-01T00:00:00Z,41826
2019-02-02T00:00:00Z,41829
2019-02-03T00:00:00Z,41829
2019-02-04T00:00:00Z,41829
2019-02-05T00:00:00Z,41829
2019-02-06T00:00:00Z,41829
2019-02-07T00:00:00Z,41833
2019-02-08T00:00:00Z,41835
2019-02-09T00:00:00Z,41839
2019-02-10T00:00:00Z,41839
2019-02-11T00:00:00Z,41839
2019-02-12T00:00:00Z,41854
2019-02-13T00:00:00Z,41854
2019-02-14T00:00:00Z,41854
2019-02-15T00:00:00Z,41928
2019-02-16T00:00:00Z,41936
2019-02-17T00:00:00Z,42466
2019-02-18T00:00:00Z,42534
2019-02-19T00:00:00Z,42538
2019-02-20T00:00:00Z,42538
2019-02-21T00:00:00Z,42538
2019-02-22T00:00:00Z,42538
2019-02-23T00:00:00Z,42669
2019-02-24T00:00:00Z,42669
2019-02-25T00:00:00Z,42669
2019-02-26T00:00:00Z,42700
2019-02-27T00:00:00Z,42702
2019-02-28T00:00:00Z,42702
2019-03-01T00:00:00Z,42702
2019-03-02T00:00:00Z,42702
2019-03-03T00:00:00Z,42702
2019-03-04T00:00:00Z,42702
2019-03-05T00:00:00Z,42725
2019-03-06T00:00:00Z,42726
2019-03-07T00:00:00Z,42726
2019-03-08T00:00:00Z,42735
2019-03-09T00:00:00Z,42735
2019-03-10T00:00:00Z,42736
2019-03-11T00:00:00Z,42736
2019-03-12T00:00:00Z,42739
2019-03-13T00:00:00Z,42739
2019-03-14T00:00:00Z,42739
2019-03-15T00:00:00Z,42741
2019-03-16T00:00:00Z,42810
2019-03-17T00:00:00Z,42853
2019-03-18T00:00:00Z,42853
2019-03-19T00:00:00Z,42861
2019-03-20T00:00:00Z,42861
2019-03-21T00:00:00Z,42861
2019-03-22T00:00:00Z,42861
2019-03-23T00:00:00Z,42868
2019-03-24T00:00:00Z,42875
2019-03-25T00:00:00Z,42879
2019-03-26T00:00:00Z,42892
2019-03-27T00:00:00Z,42895
2019-03-28T00:00:00Z,42761
2019-03-29T00:00:00Z,42803
2019-03-30T00:00:00Z,42803
2019-03-31T00:00:00Z,42961
2019-04-01T00:00:00Z,42961
2019-04-02T00:00:00Z,42961
2019-04-03T00:00:00Z,42961
2019-04-04T00:00:00Z,42980
2019-04-05T00:00:00Z,42990
2019-04-06T00:00:00Z,43294
2019-04-07T00:00:00Z,43336
2019-04-08T00:00:00Z,43353
2019-04-09T00:00:00Z,43354
2019-04-10T00:00:00Z,43354
2019-04-11T00:00:00Z,43354
2019-04-12T00:00:00Z,43410
2019-04-13T00:00:00Z,43410
2019-04-14T00:00:00Z,43492
2019-04-15T00:00:00Z,43508
2019-04-16T00:00:00Z,43508
2019-04-17T00:00:00Z,43508
2019-04-18T00:00:00Z,43508
2019-04-19T00:00:00Z,43511
2019-04-20T00:00:00Z,43511
2019-04-21T00:00:00Z,43511
2019-04-22T00:00:00Z,43511
2019-04-23T00:00:00Z,43513
2019-04-24T00:00:00Z,43526
2019-04-25T00:00:00Z,43555
2019-04-26T00:00:00Z,43555
2019-04-27T00:00:00Z,43555
2019-04-28T00:00:00Z,43555
2019-04-29T00:00:00Z,43587
2019-04-30T00:00:00Z,43588
2019-05-01T00:00:00Z,43614
2019-05-02T00:00:00Z,43650
2019-05-03T00:00:00Z,43651
2019-05-04T00:00:00Z,43651
2019-05-05T00:00:00Z,43651
2019-05-06T00:00:00Z,43651
2019-05-07T00:00:00Z,43651
2019-05-08T00:00:00Z,43651
2019-05-09T00:00:00Z,43652
2019-05-10T00:00:00Z,43672
2019-05-11T00:00:00Z,43883
2019-05-12T00:00:00Z,43901
2019-05-13T00:00:00Z,43925
2019-05-14T00:00:00Z,43925
2019-05-15T00:00:00Z,44547
2019-05-16T00:00:00Z,45812
2019-05-17T00:00:00Z,46493
2019-05-18T00:00:00Z,46504
2019-05-19T00:00:00Z,46515
2019-05-20T00:00:00Z,46515
2019-05-21T00:00:00Z,46637
2019-05-22T00:00:00Z,47424
2019-05-23T00:00:00Z,47426
2019-05-24T00:00:00Z,47429
2019-05-25T00:00:00Z,47429
2019-05-26T00:00:00Z,47468
2019-05-27T00:00:00Z,47472
2019-05-28T00:00:00Z,47490
2019-05-29T00:00:00Z,47494
2019-05-30T00:00:00Z,47494
2019-05-31T00:00:00Z,47494
2019-06-01T00:00:00Z,47527
2019-06-02T00:00:00Z,47527
2019-06-03T00:00:00Z,47527
2019-06-04T00:00:00Z,47527
2019-06-05T00:00:00Z,47527
2019-06-06T00:00:00Z,47556
2019-06-07T00:00:00Z,47556
2019-06-08T00:00:00Z,47557
2019-06-09T00:00:00Z,47557
2019-06-10T00:00:00Z,47557
2019-06-11T00:00:00Z,47557
2019-06-12T00:00:00Z,47562
2019-06-13T00:00:00Z,47563
2019-06-14T00:00:00Z,47564
2019-06-15T00:00:00Z,47564
2019-06-16T00:00:00Z,47567
2019-06-17T00:00:00Z,47567
2019-06-18T00:00:00Z,47605
2019-06-19T00:00:00Z,47613
2019-06-20T00:00:00Z,47616
2019-06-21T00:00:00Z,47622
2019-06-22T00:00:00Z,47622
2019-06-23T00:00:00Z,47622
2019-06-24T00:00:00Z,47729
2019-06-25T00:00:00Z,47794
2019-06-26T00:00:00Z,47794
2019-06-27T00:00:00Z,47794
2019-06-28T00:00:00Z,47794
2019-06-29T00:00:00Z,47800
2019-06-30T00:00:00Z,47802
2019-07-01T00:00:00Z,47802
2019-07-02T00:00:00Z,47802
2019-07-03T00:00:00Z,47802
2019-07-04T00:00:00Z,47802
2019-07-05T00:00:00Z,47802
2019-07-06T00:00:00Z,47804
2019-07-07T00:00:00Z,47802
2019-07-08T00:00:00Z,47804
2019-07-09T00:00:00Z,47804
2019-07-10T00:00:00Z,47805
2019-07-11T00:00:00Z,47816
2019-07-12T00:00:00Z,47819
2019-07-13T00:00:00Z,47819
2019-07-14T00:00:00Z,47819
2019-07-15T00:00:00Z,47819
2019-07-16T00:00:00Z,47819
2019-07-17T00:00:00Z,47819
2019-07-18T00:00:00Z,47819
2019-07-19T00:00:00Z,47830
2019-07-20T00:00:00Z,47831
2019-07-21T00:00:00Z,47851
2019-07-22T00:00:00Z,47852
2019-07-23T00:00:00Z,47925
2019-07-24T00:00:00Z,47946
2019-07-25T00:00:00Z,47946
2019-07-26T00:00:00Z,47946
2019-07-27T00:00:00Z,47948
2019-07-28T00:00:00Z,47948
2019-07-29T00:00:00Z,47948
2019-07-30T00:00:00Z,47948
2019-07-31T00:00:00Z,47962
2019-08-01T00:00:00Z,47961
2019-08-02T00:00:00Z,47961
2019-08-03T00:00:00Z,47961
2019-08-04T00:00:00Z,47961
2019-08-05T00:00:00Z,48010
2019-08-06T00:00:00Z,48010
2019-08-07T00:00:00Z,48036
2019-08-08T00:00:00Z,48044
2019-08-09T00:00:00Z,48048
2019-08-10T00:00:00Z,48049
2019-08-11T00:00:00Z,48049
2019-08-12T00:00:00Z,48137
2019-08-13T00:00:00Z,48173
2019-08-14T00:00:00Z,48218
2019-08-15T00:00:00Z,48226
2019-08-16T00:00:00Z,48226
2019-08-17T00:00:00Z,48228
2019-08-18T00:00:00Z,48241
2019-08-19T00:00:00Z,48339
2019-08-20T00:00:00Z,48339
2019-08-21T00:00:00Z,48340
2019-08-22T00:00:00Z,48341
2019-08-23T00:00:00Z,48341
2019-08-24T00:00:00Z,48341
2019-08-25T00:00:00Z,48341
2019-08-26T00:00:00Z,48342
2019-08-27T00:00:00Z,48349
2019-08-28T00:00:00Z,48355
2019-08-29T00:00:00Z,48356
2019-08-30T00:00:00Z,48356
2019-08-31T00:00:00Z,48357
2019-09-01T00:00:00Z,48362
2019-09-02T00:00:00Z,48362
2019-09-03T00:00:00Z,48361
2019-09-04T00:00:00Z,48361
2019-09-05T00:00:00Z,48461
2019-09-06T00:00:00Z,48461
2019-09-07T00:00:00Z,48461
2019-09-08T00:00:00Z,48461
2019-09-09T00:00:00Z,48461
2019-09-10T00:00:00Z,48466
2019-09-11T00:00:00Z,48467
2019-09-12T00:00:00Z,48467
2019-09-13T00:00:00Z,48467
2019-09-14T00:00:00Z,48467
2019-09-15T00:00:00Z,48470
2019-09-16T00:00:00Z,48459
2019-09-17T00:00:00Z,48546
2019-09-18T00:00:00Z,48546
2019-09-19T00:00:00Z,48554
2019-09-20T00:00:00Z,48570
2019-09-21T00:00:00Z,48570
2019-09-22T00:00:00Z,48570
2019-09-23T00:00:00Z,48570
2019-09-24T00:00:00Z,48570
2019-09-25T00:00:00Z,48570
2019-09-26T00:00:00Z,48571
2019-09-27T00:00:00Z,48572
2019-09-28T00:00:00Z,48572
2019-09-29T00:00:00Z,48586
2019-09-30T00:00:00Z,48587
2019-10-01T00:00:00Z,48587
2019-10-02T00:00:00Z,48587
2019-10-03T00:00:00Z,48588
2019-10-04T00:00:00Z,48635
2019-10-05T00:00:00Z,48635
2019-10-06T00:00:00Z,48635
2019-10-07T00:00:00Z,48635
2019-10-08T00:00:00Z,48652
2019-10-09T00:00:00Z,48678
2019-10-10T00:00:00Z,48689
2019-10-11T00:00:00Z,48690
2019-10-12T00:00:00Z,48690
2019-10-13T00:00:00Z,48749
2019-10-14T00:00:00Z,48791
2019-10-15T00:00:00Z,48791
2019-10-16T00:00:00Z,48791
2019-10-17T00:00:00Z,48790
2019-10-18T00:00:00Z,48790
2019-10-19T00:00:00Z,48790
2019-10-20T00:00:00Z,48790
2019-10-21T00:00:00Z,48790
2019-10-22T00:00:00Z,48790
2019-10-23T00:00:00Z,48790
2019-10-24T00:00:00Z,48790
2019-10-25T00:00:00Z,48807
2019-10-26T00:00:00Z,48807
2019-10-27T00:00:00Z,48837
2019-10-28T00:00:00Z,48838
2019-10-29T00:00:00Z,48936
2019-10-30T00:00:00Z,48938
2019-10-31T00:00:00Z,48938
2019-11-01T00:00:00Z,48938
2019-11-02T00:00:00Z,48938
2019-11-03T00:00:00Z,48965
2019-11-04T00:00:00Z,49173
2019-11-05T00:00:00Z,49466
2019-11-06T00:00:00Z,49463
2019-11-07T00:00:00Z,49530
2019-11-08T00:00:00Z,49586
2019-11-09T00:00:00Z,49586
2019-11-10T00:00:00Z,49586
2019-11-11T00:00:00Z,49587
2019-11-12T00:00:00Z,49587
2019-11-13T00:00:00Z,49616
2019-11-14T00:00:00Z,49768
2019-11-15T00:00:00Z,49816
2019-11-16T00:00:00Z,49849
2019-11-17T00:00:00Z,49849
2019-11-18T00:00:00Z,49849
2019-11-19T00:00:00Z,50021
2019-11-20T00:00:00Z,50069
2019-11-21T00:00:00Z,50117
2019-11-22T00:00:00Z,50186
2019-11-23T00:00:00Z,50187
2019-11-24T00:00:00Z,50186
2019-11-25T00:00:00Z,50229
2019-11-26T00:00:00Z,50236
2019-11-27T00:00:00Z,50236
2019-11-28T00:00:00Z,50236
2019-11-29T00:00:00Z,50236
2019-11-30T00:00:00Z,50236
2019-12-01T00:00:00Z,50236
2019-12-02T00:00:00Z,50236
2019-12-03T00:00:00Z,50236
2019-12-04T00:00:00Z,50236
2019-12-05T00:00:00Z,50236
2019-12-06T00:00:00Z,50236
2019-12-07T00:00:00Z,50235
2019-12-08T00:00:00Z,50235
2019-12-09T00:00:00Z,50235
2019-12-10T00:00:00Z,50252
2019-12-11T00:00:00Z,50252
2019-12-12T00:00:00Z,50252
2019-12-13T00:00:00Z,50252
2019-12-14T00:00:00Z,50252
2019-12-15T00:00:00Z,50272
2019-12-16T00:00:00Z,50272
2019-12-17T00:00:00Z,50284
2019-12-18T00:00:00Z,50323
2019-12-19T00:00:00Z,50342
2019-12-20T00:00:00Z,50344
2019-12-21T00:00:00Z,50346
2019-12-22T00:00:00Z,50346
2019-12-23T00:00:00Z,50345
2019-12-24T00:00:00Z,50345
2019-12-25T00:00:00Z,50348
2019-12-26T00:00:00Z,50349
2019-12-27T00:00:00Z,50349
2019-12-28T00:00:00Z,50355
2019-12-29T00:00:00Z,50355
2019-12-30T00:00:00Z,50464
2019-12-31T00:00:00Z,50470
2020-01-01T00:00:00Z,50486
2020-01-02T00:00:00Z,50486
2020-01-03T00:00:00Z,50486
2020-01-04T00:00:00Z,50486
2020-01-05T00:00:00Z,50486
2020-01-06T00:00:00Z,50486
2020-01-07T00:00:00Z,50486
2020-01-08T00:00:00Z,50517
2020-01-09T00:00:00Z,50517
2020-01-10T00:00:00Z,50517
2020-01-11T00:00:00Z,50532
2020-01-12T00:00:00Z,50532
2020-01-13T00:00:00Z,50532
2020-01-14T00:00:00Z,50657
2020-01-15T00:00:00Z,50659
2020-01-16T00:00:00Z,50677
2020-01-17T00:00:00Z,50681
2020-01-18T00:00:00Z,50681
2020-01-19T00:00:00Z,50681
2020-01-20T00:00:00Z,50681
2020-01-21T00:00:00Z,50681
2020-01-22T00:00:00Z,50683
2020-01-23T00:00:00Z,50687
2020-01-24T00:00:00Z,50689
2020-01-25T00:00:00Z,50689
2020-01-26T00:00:00Z,50689
2020-01-27T00:00:00Z,50689
2020-01-28T00:00:00Z,50688
2020-01-29T00:00:00Z,50688
2020-01-30T00:00:00Z,50688
2020-01-31T00:00:00Z,50696
2020-02-01T00:00:00Z,50696
2020-02-02T00:00:00Z,50698
2020-02-03T00:00:00Z,50703
2020-02-04T00:00:00Z,50728
2020-02-05T00:00:00Z,50730
2020-02-06T00:00:00Z,50730
2020-02-07T00:00:00Z,50730
2020-02-08T00:00:00Z,50732
2020-02-09T00:00:00Z,50732
2020-02-10T00:00:00Z,50732
2020-02-11T00:00:00Z,50732
2020-02-12T00:00:00Z,50732
2020-02-13T00:00:00Z,50731
2020-02-14T00:00:00Z,50779
2020-02-15T00:00:00Z,50871
2020-02-16T00:00:00Z,50871
2020-02-17T00:00:00Z,50871
2020-02-18T00:00:00Z,50871
2020-02-19T00:00:00Z,50871
2020-02-20T00:00:00Z,50875
2020-02-21T00:00:00Z,50924
2020-02-22T00:00:00Z,50943
2020-02-23T00:00:00Z,50943
2020-02-24T00:00:00Z,50943
2020-02-25T00:00:00Z,51056
2020-02-26T00:00:00Z,51056
2020-02-27T00:00:00Z,51042
2020-02-28T00:00:00Z,51097
2020-02-29T00:00:00Z,51114
2020-03-01T00:00:00Z,51113
2020-03-02T00:00:00Z,51068
2020-03-03T00:00:00Z,51143
2020-03-04T00:00:00Z,51183
2020-03-05T00:00:00Z,51221
2020-03-06T00:00:00Z,51224
2020-03-07T00:00:00Z,51236
2020-03-08T00:00:00Z,51236
2020-03-09T00:00:00Z,51250
2020-03-10T00:00:00Z,51441
2020-03-11T00:00:00Z,51445
2020-03-12T00:00:00Z,51489
2020-03-13T00:00:00Z,51489
2020-03-14T00:00:00Z,51489
2020-03-15T00:00:00Z,51505
2020-03-16T00:00:00Z,51511
2020-03-17T00:00:00Z,51531
2020-03-18T00:00:00Z,51724
2020-03-19T00:00:00Z,51734
2020-03-20T00:00:00Z,51735
2020-03-21T00:00:00Z,51734
2020-03-22T00:00:00Z,51734
2020-03-23T00:00:00Z,51734
2020-03-24T00:00:00Z,51761
2020-03-25T00:00:00Z,51810
2020-03-26T00:00:00Z,51924
2020-03-27T00:00:00Z,51924
2020-03-28T00:00:00Z,51924
2020-03-29T00:00:00Z,51924
2020-03-30T00:00:00Z,52019
2020-03-31T00:00:00Z,52036
2020-04-01T00:00:00Z,52121
2020-04-02T00:00:00Z,52151
2020-04-03T00:00:00Z,52152
2020-04-04T00:00:00Z,52204
2020-04-05T00:00:00Z,52491
2020-04-06T00:00:00Z,52959
2020-04-07T00:00:00Z,53079
2020-04-08T00:00:00Z,53080
2020-04-09T00:00:00Z,53135
2020-04-10T00:00:00Z,53204
2020-04-11T00:00:00Z,53289
2020-04-12T00:00:00Z,53377
2020-04-13T00:00:00Z,53425
2020-04-14T00:00:00Z,53526
2020-04-15T00:00:00Z,53566
2020-04-16T00:00:00Z,53584
2020-04-17T00:00:00Z,53612
2020-04-18T00:00:00Z,53614
2020-04-19T00:00:00Z,53616
2020-04-20T00:00:00Z,53696
2020-04-21T00:00:00Z,53792
2020-04-22T00:00:00Z,53825
2020-04-23T00:00:00Z,53852
2020-04-24T00:00:00Z,53907
2020-04-25T00:00:00Z,54017
2020-04-26T00:00:00Z,53752
2020-04-27T00:00:00Z,53762
2020-04-28T00:00:00Z,53779
2020-04-29T00:00:00Z,53779
2020-04-30T00:00:00Z,53822
2020-05-01T00:00:00Z,53822
2020-05-02T00:00:00Z,53824
2020-05-03T00:00:00Z,53827
2020-05-04T00:00:00Z,53834
2020-05-05T00:00:00Z,53806
2020-05-06T00:00:00Z,53806
2020-05-07T00:00:00Z,53806
2020-05-08T00:00:00Z,53806
2020-05-09T00:00:00Z,53823
2020-05-10T00:00:00Z,53823
2020-05-11T00:00:00Z,53823
2020-05-12T00:00:00Z,53825
2020-05-13T00:00:00Z,53825
2020-05-14T00:00:00Z,53825
2020-05-15T00:00:00Z,53827
2020-05-16T00:00:00Z,54031
2020-05-17T00:00:00Z,54031
2020-05-18T00:00:00Z,54041
2020-05-19T00:00:00Z,54042
2020-05-20T00:00:00Z,54266
2020-05-21T00:00:00Z,54325
2020-05-22T00:00:00Z,54325
2020-05-23T00:00:00Z,54333
2020-05-24T00:00:00Z,54396
2020-05-25T00:00:00Z,54469
2020-05-26T00:00:00Z,54469
2020-05-27T00:00:00Z,54469
2020-05-28T00:00:00Z,54470
2020-05-29T00:00:00Z,54519
2020-05-30T00:00:00Z,54522
2020-05-31T00:00:00Z,54522
2020-06-01T00:00:00Z,54522
2020-06-02T00:00:00Z,54522
2020-06-03T00:00:00Z,54529
2020-06-04T00:00:00Z,54532
2020-06-05T00:00:00Z,54532
2020-06-06T00:00:00Z,54530
2020-06-07T00:00:00Z,54530
2020-06-08T00:00:00Z,54538
2020-06-09T00:00:00Z,54539
2020-06-10T00:00:00Z,54539
2020-06-11T00:00:00Z,54548
2020-06-12T00:00:00Z,54569
2020-06-13T00:00:00Z,54605
2020-06-14T00:00:00Z,54685
2020-06-15T00:00:00Z,54687
2020-06-16T00:00:00Z,54687
2020-06-17T00:00:00Z,54770
2020-06-18T00:00:00Z,54810
2020-06-19T00:00:00Z,54810
2020-06-20T00:00:00Z,54848
2020-06-21T00:00:00Z,54848
2020-06-22T00:00:00Z,54850
2020-06-23T00:00:00Z,54867
2020-06-24T00:00:00Z,54873
2020-06-25T00:00:00Z,54949
2020-06-26T00:00:00Z,54951
2020-06-27T00:00:00Z,54953
2020-06-28T00:00:00Z,54956
2020-06-29T00:00:00Z,54956
2020-06-30T00:00:00Z,54956
2020-07-01T00:00:00Z,54923
2020-07-02T00:00:00Z,54923
2020-07-03T00:00:00Z,54924
2020-07-04T00:00:00Z,54924
2020-07-05T00:00:00Z,54924
2020-07-06T00:00:00Z,54924
2020-07-07T00:00:00Z,55096
2020-07-08T00:00:00Z,55107
2020-07-09T00:00:00Z,55142
2020-07-10T00:00:00Z,55178
2020-07-11T00:00:00Z,55179
2020-07-12T00:00:00Z,55180
2020-07-13T00:00:00Z,55278
2020-07-14T00:00:00Z,55278
2020-07-15T00:00:00Z,55286
2020-07-16T00:00:00Z,55294
2020-07-17T00:00:00Z,55300
2020-07-18T00:00:00Z,55310
2020-07-19T00:00:00Z,55310
2020-07-20T00:00:00Z,55347
2020-07-21T00:00:00Z,55350
2020-07-22T00:00:00Z,55350
2020-07-23T00:00:00Z,55392
2020-07-24T00:00:00Z,55508
2020-07-25T00:00:00Z,55527
2020-07-26T00:00:00Z,55527
2020-07-27T00:00:00Z,55527
2020-07-28T00:00:00Z,55527
2020-07-29T00:00:00Z,55527
2020-07-30T00:00:00Z,55527
2020-07-31T00:00:00Z,55528
2020-08-01T00:00:00Z,55528
2020-08-02T00:00:00Z,55529
2020-08-03T00:00:00Z,55529
2020-08-04T00:00:00Z,55529
2020-08-05T00:00:00Z,55532
2020-08-06T00:00:00Z,55538
2020-08-07T00:00:00Z,55539
2020-08-08T00:00:00Z,55539
2020-08-09T00:00:00Z,55543
2020-08-10T00:00:00Z,55543
2020-08-11T00:00:00Z,55588
2020-08-12T00:00:00Z,55591
2020-08-13T00:00:00Z,55591
2020-08-14T00:00:00Z,55597
2020-08-15T00:00:00Z,55597
2020-08-16T00:00:00Z,55597
2020-08-17T00:00:00Z,55597
2020-08-18T00:00:00Z,55597
2020-08-19T00:00:00Z,55569
2020-08-20T00:00:00Z,55583
2020-08-21T00:00:00Z,55598
2020-08-22T00:00:00Z,55597
2020-08-23T00:00:00Z,55599
2020-08-24T00:00:00Z,55617
2020-08-25T00:00:00Z,55614
2020-08-26T00:00:00Z,55616
2020-08-27T00:00:00Z,55650
2020-08-28T00:00:00Z,55650
2020-08-29T00:00:00Z,55659
2020-08-30T00:00:00Z,55772
2020-08-31T00:00:00Z,56064
2020-09-01T00:00:00Z,56064
2020-09-02T00:00:00Z,56064
2020-09-03T00:00:00Z,56064
2020-09-04T00:00:00Z,56064
2020-09-05T00:00:00Z,56064
2020-09-06T00:00:00Z,56062
2020-09-07T00:00:00Z,56062
2020-09-08T00:00:00Z,56062
2020-09-09T00:00:00Z,56061
2020-09-10T00:00:00Z,56207
2020-09-11T00:00:00Z,56229
2020-09-12T00:00:00Z,56229
2020-09-13T00:00:00Z,56229
2020-09-14T00:00:00Z,56229
2020-09-15T00:00:00Z,56229
2020-09-16T00:00:00Z,56229
2020-09-17T00:00:00Z,56239
2020-09-18T00:00:00Z,56239
2020-09-19T00:00:00Z,56239
2020-09-20T00:00:00Z,56239
2020-09-21T00:00:00Z,56239
2020-09-22T00:00:00Z,56239
2020-09-23T00:00:00Z,56240
2020-09-24T00:00:00Z,56240
2020-09-25T00:00:00Z,56256
2020-09-26T00:00:00Z,56264
2020-09-27T00:00:00Z,56281
2020-09-28T00:00:00Z,56281
2020-09-29T00:00:00Z,56286
2020-09-30T00:00:00Z,56306
2020-10-01T00:00:00Z,56323
2020-10-02T00:00:00Z,56354
2020-10-03T00:00:00Z,56387
2020-10-04T00:00:00Z,56390
2020-10-05T00:00:00Z,56390
2020-10-06T00:00:00Z,56394
2020-10-07T00:00:00Z,56399
2020-10-08T00:00:00Z,56427
2020-10-09T00:00:00Z,56427
2020-10-10T00:00:00Z,56427
2020-10-11T00:00:00Z,56525
2020-10-12T00:00:00Z,56620
2020-10-13T00:00:00Z,56652
2020-10-14T00:00:00Z,56703
2020-10-15T00:00:00Z,57079
2020-10-16T00:00:00Z,57119
2020-10-17T00:00:00Z,57165
2020-10-18T00:00:00Z,57163
2020-10-19T00:00:00Z,57191
2020-10-20T00:00:00Z,57199
2020-10-21T00:00:00Z,57387
2020-10-22T00:00:00Z,57451
2020-10-23T00:00:00Z,57512
2020-10-24T00:00:00Z,57519
2020-10-25T00:00:00Z,57563
2020-10-26T00:00:00Z,57582
2020-10-27T00:00:00Z,57633
2020-10-28T00:00:00Z,57674
2020-10-29T00:00:00Z,57859
2020-10-30T00:00:00Z,57930
2020-10-31T00:00:00Z,57981
2020-11-01T00:00:00Z,58014
2020-11-02T00:00:00Z,58093
2020-11-03T00:00:00Z,58229
2020-11-04T00:00:00Z,58295
2020-11-05T00:00:00Z,58490
2020-11-06T00:00:00Z,58655
2020-11-07T00:00:00Z,58798
2020-11-08T00:00:00Z,58834
2020-11-09T00:00:00Z,58888
2020-11-10T00:00:00Z,58978
2020-11-11T00:00:00Z,59013
2020-11-12T00:00:00Z,59094
2020-11-13T00:00:00Z,59340
2020-11-14T00:00:00Z,59439
2020-11-15T00:00:00Z,59465
2020-11-16T00:00:00Z,59446
2020-11-17T00:00:00Z,59449
2020-11-18T00:00:00Z,59515
2020-11-19T00:00:00Z,59568
2020-11-20T00:00:00Z,59607
2020-11-21T00:00:00Z,59527
2020-11-22T00:00:00Z,59529
2020-11-23T00:00:00Z,59679
2020-11-24T00:00:00Z,59792
2020-11-25T00:00:00Z,59845
2020-11-26T00:00:00Z,59935
2020-11-27T00:00:00Z,60000
2020-11-28T00:00:00Z,59998
2020-11-29T00:00:00Z,60021
2020-11-30T00:00:00Z,60047
2020-12-01T00:00:00Z,60264
2020-12-02T00:00:00Z,60603
2020-12-03T00:00:00Z,60603
2020-12-04T00:00:00Z,60700
2020-12-05T00:00:00Z,60775
2020-12-06T00:00:00Z,60775
2020-12-07T00:00:00Z,60781
2020-12-08T00:00:00Z,60783
2020-12-09T00:00:00Z,60789
2020-12-10T00:00:00Z,60793
2020-12-11T00:00:00Z,60797
2020-12-12T00:00:00Z,60805
2020-12-13T00:00:00Z,60805
2020-12-14T00:00:00Z,60826
2020-12-15T00:00:00Z,60825
2020-12-16T00:00:00Z,60836
2020-12-17T00:00:00Z,60836
2020-12-18T00:00:00Z,60836
2020-12-19T00:00:00Z,60840
2020-12-20T00:00:00Z,60840
2020-12-21T00:00:00Z,60845
2020-12-22T00:00:00Z,60845
2020-12-23T00:00:00Z,60845
2020-12-24T00:00:00Z,60937
2020-12-25T00:00:00Z,60937
2020-12-26T00:00:00Z,60938
2020-12-27T00:00:00Z,60974
2020-12-28T00:00:00Z,60978
2020-12-29T00:00:00Z,61260
2020-12-30T00:00:00Z,61260
2020-12-31T00:00:00Z,61260
2021-01-01T00:00:00Z,61260
2021-01-02T00:00:00Z,61260
2021-01-03T00:00:00Z,61285
2021-01-04T00:00:00Z,61286
2021-01-05T00:00:00Z,61288
2021-01-06T00:00:00Z,61286
2021-01-07T00:00:00Z,61286
2021-01-08T00:00:00Z,61286
2021-01-09T00:00:00Z,61287
2021-01-10T00:00:00Z,61302
2021-01-11T00:00:00Z,61302
2021-01-12T00:00:00Z,61315
2021-01-13T00:00:00Z,61314
2021-01-14T00:00:00Z,61314
2021-01-15T00:00:00Z,61315
2021-01-16T00:00:00Z,61315
2021-01-17T00:00:00Z,61315
2021-01-18T00:00:00Z,61317
2021-01-19T00:00:00Z,61317
2021-01-20T00:00:00Z,61317
2021-01-21T00:00:00Z,61317
2021-01-22T00:00:00Z,61317
2021-01-23T00:00:00Z,61328
2021-01-24T00:00:00Z,61334
2021-01-25T00:00:00Z,61378
2021-01-26T00:00:00Z,61371
2021-01-27T00:00:00Z,61376
2021-01-28T00:00:00Z,61381
2021-01-29T00:00:00Z,61391
2021-01-30T00:00:00Z,61398
2021-01-31T00:00:00Z,61398
2021-02-01T00:00:00Z,61379
2021-02-02T00:00:00Z,61379
2021-02-03T00:00:00Z,61380
2021-02-04T00:00:00Z,61385
2021-02-05T00:00:00Z,61383
2021-02-06T00:00:00Z,61383
2021-02-07T00:00:00Z,61386
2021-02-08T00:00:00Z,61399
2021-02-09T00:00:00Z,61398
2021-02-10T00:00:00Z,61398
2021-02-11T00:00:00Z,61397
2021-02-12T00:00:00Z,61404
2021-02-13T00:00:00Z,61404
2021-02-14T00:00:00Z,61404
2021-02-15T00:00:00Z,61398
2021-02-16T00:00:00Z,61399
2021-02-17T00:00:00Z,61398
2021-02-18T00:00:00Z,61400
2021-02-19T00:00:00Z,61400
2021-02-20T00:00:00Z,61400
2021-02-21T00:00:00Z,61400
2021-02-22T00:00:00Z,61401
2021-02-23T00:00:00Z,61401
2021-02-24T00:00:00Z,61402
2021-02-25T00:00:00Z,61402
2021-02-26T00:00:00Z,61402
2021-02-27T00:00:00Z,61402
2021-02-28T00:00:00Z,61399
2021-03-01T00:00:00Z,61399
2021-03-02T00:00:00Z,61399
2021-03-03T00:00:00Z,61399
2021-03-04T00:00:00Z,61401
2021-03-05T00:00:00Z,61402
2021-03-06T00:00:00Z,61402
2021-03-07T00:00:00Z,61402
2021-03-08T00:00:00Z,61405
2021-03-09T00:00:00Z,61405
2021-03-10T00:00:00Z,61445
2021-03-11T00:00:00Z,61442
2021-03-12T00:00:00Z,61442
2021-03-13T00:00:00Z,61442
2021-03-14T00:00:00Z,61442
2021-03-15T00:00:00Z,61442
2021-03-16T00:00:00Z,61444
2021-03-17T00:00:00Z,61452
2021-03-18T00:00:00Z,61452
2021-03-19T00:00:00Z,61452
2021-03-20T00:00:00Z,61452
2021-03-21T00:00:00Z,61452
2021-03-22T00:00:00Z,61427
2021-03-23T00:00:00Z,61427
2021-03-24T00:00:00Z,61427
2021-03-25T00:00:00Z,61427
2021-03-26T00:00:00Z,61429
2021-03-27T00:00:00Z,61429
2021-03-28T00:00:00Z,61439
2021-03-29T00:00:00Z,61441
2021-03-30T00:00:00Z,61441
2021-03-31T00:00:00Z,61441
2021-04-01T00:00:00Z,61443
2021-04-02T00:00:00Z,61443
2021-04-03T00:00:00Z,61443
2021-04-04T00:00:00Z,61443
2021-04-05T00:00:00Z,61443
2021-04-06T00:00:00Z,61443
2021-04-07T00:00:00Z,61448
2021-04-08T00:00:00Z,61439
2021-04-09T00:00:00Z,61439
2021-04-10T00:00:00Z,61439
2021-04-11T00:00:00Z,61439
2021-04-12T00:00:00Z,61439
2021-04-13T00:00:00Z,61441
2021-04-14T00:00:00Z,61444
2021-04-15T00:00:00Z,61451
2021-04-16T00:00:00Z,61451
2021-04-17T00:00:00Z,61451
2021-04-18T00:00:00Z,61451
2021-04-19T00:00:00Z,61460
2021-04-20T00:00:00Z,61461
2021-04-21T00:00:00Z,61461
2021-04-22T00:00:00Z,61468
2021-04-23T00:00:00Z,61545
2021-04-24T00:00:00Z,61591
2021-04-25T00:00:00Z,61615
2021-04-26T00:00:00Z,61617
2021-04-27T00:00:00Z,62035
2021-04-28T00:00:00Z,62178
2021-04-29T00:00:00Z,62272
2021-04-30T00:00:00Z,62071
2021-05-01T00:00:00Z,62076
2021-05-02T00:00:00Z,62079
2021-05-03T00:00:00Z,62079
2021-05-04T00:00:00Z,62079
2021-05-05T00:00:00Z,62079
2021-05-06T00:00:00Z,62073
2021-05-07T00:00:00Z,62123
2021-05-08T00:00:00Z,62134
2021-05-09T00:00:00Z,62134
2021-05-10T00:00:00Z,62134
2021-05-11T00:00:00Z,62146
2021-05-12T00:00:00Z,62165
2021-05-13T00:00:00Z,61875
2021-05-14T00:00:00Z,61875
2021-05-15T00:00:00Z,61892
2021-05-16T00:00:00Z,61891
2021-05-17T00:00:00Z,61905
2021-05-18T00:00:00Z,61907
2021-05-19T00:00:00Z,61908
2021-05-20T00:00:00Z,61910
2021-05-21T00:00:00Z,61907
2021-05-22T00:00:00Z,61907
2021-05-23T00:00:00Z,61905
2021-05-24T00:00:00Z,61905
2021-05-25T00:00:00Z,61904
2021-05-26T00:00:00Z,61904
2021-05-27T00:00:00Z,61904
2021-05-28T00:00:00Z,61903
2021-05-29T00:00:00Z,61903
2021-05-30T00:00:00Z,61904
2021-05-31T00:00:00Z,61867
2021-06-01T00:00:00Z,61867
2021-06-02T00:00:00Z,61867
2021-06-03T00:00:00Z,61867
2021-06-04T00:00:00Z,61876
2021-06-05T00:00:00Z,61876
2021-06-06T00:00:00Z,61876
2021-06-07T00:00:00Z,61876
2021-06-08T00:00:00Z,61876
2021-06-09T00:00:00Z,61876
2021-06-10T00:00:00Z,61876
2021-06-11T00:00:00Z,61874
2021-06-12T00:00:00Z,61874
2021-06-13T00:00:00Z,61876
2021-06-14T00:00:00Z,61876
2021-06-15T00:00:00Z,61876
2021-06-16T00:00:00Z,61876
2021-06-17T00:00:00Z,61882
2021-06-18T00:00:00Z,61880
2021-06-19T00:00:00Z,61880
2021-06-20T00:00:00Z,61880
2021-06-21T00:00:00Z,61880
2021-06-22T00:00:00Z,61880
2021-06-23T00:00:00Z,61880
2021-06-24T00:00:00Z,61880
2021-06-25T00:00:00Z,61879
2021-06-26T00:00:00Z,61879
2021-06-27T00:00:00Z,61879
2021-06-28T00:00:00Z,61879
2021-06-29T00:00:00Z,61874
2021-06-30T00:00:00Z,61875
2021-07-01T00:00:00Z,61876
2021-07-02T00:00:00Z,61878
2021-07-03T00:00:00Z,61878
2021-07-04T00:00:00Z,61878
2021-07-05T00:00:00Z,61877
2021-07-06T00:00:00Z,61882
2021-07-07T00:00:00Z,61882
2021-07-08T00:00:00Z,61882
2021-07-09T00:00:00Z,61882
2021-07-10T00:00:00Z,61882
2021-07-11T00:00:00Z,61882
2021-07-12T00:00:00Z,61882
2021-07-13T00:00:00Z,61882
2021-07-14T00:00:00Z,61882
2021-07-15T00:00:00Z,61882
2021-07-16T00:00:00Z,61882
2021-07-17T00:00:00Z,61882
2021-07-18T00:00:00Z,61881
2021-07-19T00:00:00Z,61886
2021-07-20T00:00:00Z,61887
2021-07-21T00:00:00Z,61887
2021-07-22T00:00:00Z,61888
2021-07-23T00:00:00Z,61888
2021-07-24T00:00:00Z,61888
2021-07-25T00:00:00Z,61886
2021-07-26T00:00:00Z,61922
2021-07-27T00:00:00Z,61931
2021-07-28T00:00:00Z,61942
2021-07-29T00:00:00Z,61942
2021-07-30T00:00:00Z,61942
2021-07-31T00:00:00Z,61942
2021-08-01T00:00:00Z,61942
2021-08-02T00:00:00Z,61942
2021-08-03T00:00:00Z,61942
2021-08-04T00:00:00Z,61942
2021-08-05T00:00:00Z,61972
2021-08-06T00:00:00Z,61991
2021-08-07T00:00:00Z,61992
2021-08-08T00:00:00Z,61993
2021-08-09T00:00:00Z,61993
2021-08-10T00:00:00Z,61993
2021-08-11T00:00:00Z,61993
2021-08-12T00:00:00Z,61993
2021-08-13T00:00:00Z,61993
2021-08-14T00:00:00Z,61993
2021-08-15T00:00:00Z,61993
2021-08-16T00:00:00Z,61993
2021-08-17T00:00:00Z,61993
2021-08-18T00:00:00Z,61993
2021-08-19T00:00:00Z,61993
2021-08-20T00:00:00Z,61993
2021-08-21T00:00:00Z,61993
2021-08-22T00:00:00Z,62012
2021-08-23T00:00:00Z,62012
2021-08-24T00:00:00Z,62012
2021-08-25T00:00:00Z,62012
2021-08-26T00:00:00Z,62012
2021-08-27T00:00:00Z,62012
2021-08-28T00:00:00Z,62012
2021-08-29T00:00:00Z,62012
2021-08-30T00:00:00Z,62013
2021-08-31T00:00:00Z,62013
2021-09-01T00:00:00Z,62013
2021-09-02T00:00:00Z,62046
2021-09-03T00:00:00Z,62046
2021-09-04T00:00:00Z,62046
2021-09-05T00:00:00Z,62047
2021-09-06T00:00:00Z,62047
2021-09-07T00:00:00Z,62047
2021-09-08T00:00:00Z,62049
2021-09-09T00:00:00Z,62049
2021-09-10T00:00:00Z,62049
2021-09-11T00:00:00Z,62049
2021-09-12T00:00:00Z,62044
2021-09-13T00:00:00Z,62044
2021-09-14T00:00:00Z,62044
2021-09-15T00:00:00Z,62044
2021-09-16T00:00:00Z,62047
2021-09-17T00:00:00Z,62047
2021-09-18T00:00:00Z,62035
2021-09-19T00:00:00Z,62035
2021-09-20T00:00:00Z,62035
2021-09-21T00:00:00Z,62035
2021-09-22T00:00:00Z,62035
2021-09-23T00:00:00Z,62035
2021-09-24T00:00:00Z,62035
2021-09-25T00:00:00Z,62035
2021-09-26T00:00:00Z,62035
2021-09-27T00:00:00Z,62035
2021-09-28T00:00:00Z,62035
2021-09-29T00:00:00Z,62035
2021-09-30T00:00:00Z,62015
2021-10-01T00:00:00Z,62015
2021-10-02T00:00:00Z,62012
2021-10-03T00:00:00Z,62012
2021-10-04T00:00:00Z,62012
2021-10-05T00:00:00Z,62012
2021-10-06T00:00:00Z,62012
2021-10-07T00:00:00Z,62012
2021-10-08T00:00:00Z,62012
2021-10-09T00:00:00Z,62012
2021-10-10T00:00:00Z,62012
2021-10-11T00:00:00Z,62012
2021-10-12T00:00:00Z,62012
2021-10-13T00:00:00Z,62012
2021-10-14T00:00:00Z,62012
2021-10-15T00:00:00Z,62012
2021-10-16T00:00:00Z,62012
2021-10-17T00:00:00Z,62012
2021-10-18T00:00:00Z,62012
2021-10-19T00:00:00Z,62012
2021-10-20T00:00:00Z,62012
2021-10-21T00:00:00Z,62010
2021-10-22T00:00:00Z,62010
2021-10-23T00:00:00Z,62010
2021-10-24T00:00:00Z,62010
2021-10-25T00:00:00Z,62047
2021-10-26T00:00:00Z,62047
2021-10-27T00:00:00Z,62070
2021-10-28T00:00:00Z,62070
2021-10-29T00:00:00Z,62070
2021-10-30T00:00:00Z,62072
2021-10-31T00:00:00Z,62072
2021-11-01T00:00:00Z,62072
2021-11-02T00:00:00Z,62067
2021-11-03T00:00:00Z,62067
2021-11-04T00:00:00Z,62067
2021-11-05T00:00:00Z,62122
2021-11-06T00:00:00Z,62122
2021-11-07T00:00:00Z,62122
2021-11-08T00:00:00Z,62122
2021-11-09T00:00:00Z,62122
2021-11-10T00:00:00Z,62122
2021-11-11T00:00:00Z,62122
2021-11-12T00:00:00Z,62122
2021-11-13T00:00:00Z,62122
2021-11-14T00:00:00Z,62122
2021-11-15T00:00:00Z,62122
2021-11-16T00:00:00Z,62122
2021-11-17T00:00:00Z,62121
2021-11-18T00:00:00Z,62363
2021-11-19T00:00:00Z,62366
2021-11-20T00:00:00Z,62366
2021-11-21T00:00:00Z,62366
2021-11-22T00:00:00Z,62367
2021-11-23T00:00:00Z,62367
2021-11-24T00:00:00Z,62367
2021-11-25T00:00:00Z,62367
2021-11-26T00:00:00Z,62367
2021-11-27T00:00:00Z,62367
2021-11-28T00:00:00Z,62367
2021-11-29T00:00:00Z,62367
2021-11-30T00:00:00Z,62367
2021-12-01T00:00:00Z,62367
2021-12-02T00:00:00Z,62367
2021-12-03T00:00:00Z,62367
2021-12-04T00:00:00Z,62367
2021-12-05T00:00:00Z,62367
2021-12-06T00:00:00Z,62367
2021-12-07T00:00:00Z,62367
2021-12-08T00:00:00Z,62367
2021-12-09T00:00:00Z,62367
2021-12-10T00:00:00Z,62367
2021-12-11T00:00:00Z,62369
2021-12-12T00:00:00Z,62369
2021-12-13T00:00:00Z,62369
2021-12-14T00:00:00Z,62369
2021-12-15T00:00:00Z,62369
2021-12-16T00:00:00Z,62373
2021-12-17T00:00:00Z,62373
2021-12-18T00:00:00Z,62373
2021-12-19T00:00:00Z,62373
2021-12-20T00:00:00Z,62373
2021-12-21T00:00:00Z,62373
2021-12-22T00:00:00Z,62390
2021-12-23T00:00:00Z,62390
2021-12-24T00:00:00Z,62390
2021-12-25T00:00:00Z,62391
2021-12-26T00:00:00Z,62391
2021-12-27T00:00:00Z,62391
2021-12-28T00:00:00Z,62393
2021-12-29T00:00:00Z,62393
2021-12-30T00:00:00Z,62393
2021-12-31T00:00:00Z,62395
2022-01-01T00:00:00Z,62396
2022-01-02T00:00:00Z,62424
2022-01-03T00:00:00Z,62425
2022-01-04T00:00:00Z,62425
2022-01-05T00:00:00Z,62425
2022-01-06T00:00:00Z,62425
2022-01-07T00:00:00Z,62425
2022-01-08T00:00:00Z,62425
2022-01-09T00:00:00Z,62425
2022-01-10T00:00:00Z,62426
2022-01-11T00:00:00Z,62426
2022-01-12T00:00:00Z,62449
2022-01-13T00:00:00Z,62449
2022-01-14T00:00:00Z,62451
2022-01-15T00:00:00Z,62451
2022-01-16T00:00:00Z,62451
2022-01-17T00:00:00Z,62475
2022-01-18T00:00:00Z,62523
2022-01-19T00:00:00Z,62546
2022-01-20T00:00:00Z,62614
2022-01-21T00:00:00Z,62631
2022-01-22T00:00:00Z,62685
2022-01-23T00:00:00Z,62685
2022-01-24T00:00:00Z,62719
2022-01-25T00:00:00Z,62762
2022-01-26T00:00:00Z,62795
2022-01-27T00:00:00Z,62831
2022-01-28T00:00:00Z,62831
2022-01-29T00:00:00Z,62831
2022-01-30T00:00:00Z,62831
2022-01-31T00:00:00Z,62831
2022-02-01T00:00:00Z,62831
2022-02-02T00:00:00Z,62831
2022-02-03T00:00:00Z,62831
2022-02-04T00:00:00Z,62831
2022-02-05T00:00:00Z,62871
2022-02-06T00:00:00Z,62956
2022-02-07T00:00:00Z,62956
2022-02-08T00:00:00Z,62989
2022-02-09T00:00:00Z,62989
2022-02-10T00:00:00Z,63047
2022-02-11T00:00:00Z,63161
2022-02-12T00:00:00Z,63250
2022-02-13T00:00:00Z,63378
2022-02-14T00:00:00Z,63455
2022-02-15T00:00:00Z,63445
2022-02-16T00:00:00Z,63486
2022-02-17T00:00:00Z,63489
2022-02-18T00:00:00Z,63489
2022-02-19T00:00:00Z,63488
2022-02-20T00:00:00Z,63484
2022-02-21T00:00:00Z,63764
2022-02-22T00:00:00Z,63778
2022-02-23T00:00:00Z,63782
2022-02-24T00:00:00Z,63797
2022-02-25T00:00:00Z,63796
2022-02-26T00:00:00Z,63796
2022-02-27T00:00:00Z,63823
2022-02-28T00:00:00Z,63823
2022-03-01T00:00:00Z,63823
2022-03-02T00:00:00Z,63851
2022-03-03T00:00:00Z,63851
2022-03-04T00:00:00Z,63861
2022-03-05T00:00:00Z,63861
2022-03-06T00:00:00Z,63862
2022-03-07T00:00:00Z,63864
2022-03-08T00:00:00Z,63868
2022-03-09T00:00:00Z,63869
2022-03-10T00:00:00Z,63873
2022-03-11T00:00:00Z,63873
2022-03-12T00:00:00Z,63873
2022-03-13T00:00:00Z,63873
2022-03-14T00:00:00Z,63895
2022-03-15T00:00:00Z,63895
2022-03-16T00:00:00Z,63895
2022-03-17T00:00:00Z,63896
2022-03-18T00:00:00Z,63898
2022-03-19T00:00:00Z,63898
2022-03-20T00:00:00Z,63898
2022-03-21T00:00:00Z,63898
2022-03-22T00:00:00Z,63898
2022-03-23T00:00:00Z,63900
2022-03-24T00:00:00Z,63900
2022-03-25T00:00:00Z,63901
2022-03-26T00:00:00Z,63901
2022-03-27T00:00:00Z,63901
2022-03-28T00:00:00Z,63901
2022-03-29T00:00:00Z,63901
2022-03-30T00:00:00Z,63900
2022-03-31T00:00:00Z,63899
2022-04-01T00:00:00Z,63899
2022-04-02T00:00:00Z,63901
2022-04-03T00:00:00Z,63902
2022-04-04T00:00:00Z,63902
2022-04-05T00:00:00Z,63901
2022-04-06T00:00:00Z,63901
2022-04-07T00:00:00Z,63901
2022-04-08T00:00:00Z,63901
2022-04-09T00:00:00Z,63903
2022-04-10T00:00:00Z,63903
2022-04-11T00:00:00Z,63903
2022-04-12T00:00:00Z,63904
2022-04-13T00:00:00Z,63904
2022-04-14T00:00:00Z,63904
2022-04-15T00:00:00Z,63904
2022-04-16T00:00:00Z,63904
2022-04-17T00:00:00Z,63904
2022-04-18T00:00:00Z,63904
2022-04-19T00:00:00Z,63908
2022-04-20T00:00:00Z,63912
2022-04-21T00:00:00Z,63912
2022-04-22T00:00:00Z,63912
2022-04-23T00:00:00Z,63912
2022-04-24T00:00:00Z,63918
2022-04-25T00:00:00Z,63921
2022-04-26T00:00:00Z,63921
2022-04-27T00:00:00Z,63921
2022-04-28T00:00:00Z,63913
2022-04-29T00:00:00Z,63914
2022-04-30T00:00:00Z,63915
2022-05-01T00:00:00Z,63915
2022-05-02T00:00:00Z,63915
2022-05-03T00:00:00Z,63915
2022-05-04T00:00:00Z,63915
2022-05-05T00:00:00Z,63915
2022-05-06T00:00:00Z,63915
2022-05-07T00:00:00Z,63915
2022-05-08T00:00:00Z,63915
2022-05-09T00:00:00Z,63915
2022-05-10T00:00:00Z,63915
2022-05-11T00:00:00Z,63909
2022-05-12T00:00:00Z,63909
2022-05-13T00:00:00Z,63910
2022-05-14T00:00:00Z,63933
2022-05-15T00:00:00Z,63933
2022-05-16T00:00:00Z,63978
2022-05-17T00:00:00Z,63974
2022-05-18T00:00:00Z,63994
2022-05-19T00:00:00Z,64001
2022-05-20T00:00:00Z,64001
2022-05-21T00:00:00Z,64001
2022-05-22T00:00:00Z,64001
2022-05-23T00:00:00Z,64001
2022-05-24T00:00:00Z,64001
2022-05-25T00:00:00Z,64001
2022-05-26T00:00:00Z,64001
2022-05-27T00:00:00Z,64001
2022-05-28T00:00:00Z,64001
2022-05-29T00:00:00Z,64001
2022-05-30T00:00:00Z,64001
2022-05-31T00:00:00Z,64001
2022-06-01T00:00:00Z,64001
2022-06-02T00:00:00Z,64002
2022-06-03T00:00:00Z,64002
2022-06-04T00:00:00Z,64002
2022-06-05T00:00:00Z,64002
2022-06-06T00:00:00Z,64003
2022-06-07T00:00:00Z,64003
2022-06-08T00:00:00Z,64003
2022-06-09T00:00:00Z,64003
2022-06-10T00:00:00Z,64003
2022-06-11T00:00:00Z,64003
2022-06-12T00:00:00Z,64009
2022-06-13T00:00:00Z,64009
2022-06-14T00:00:00Z,64008
2022-06-15T00:00:00Z,64008
2022-06-16T00:00:00Z,64008
2022-06-17T00:00:00Z,64012
2022-06-18T00:00:00Z,64012
2022-06-19T00:00:00Z,64012
2022-06-20T00:00:00Z,64012
2022-06-21T00:00:00Z,64012
2022-06-22T00:00:00Z,64012
2022-06-23T00:00:00Z,64012
2022-06-24T00:00:00Z,64016
2022-06-25T00:00:00Z,64021
2022-06-26T00:00:00Z,64021
2022-06-27T00:00:00Z,64024
2022-06-28T00:00:00Z,64024
2022-06-29T00:00:00Z,64027
2022-06-30T00:00:00Z,64027
2022-07-01T00:00:00Z,64029
2022-07-02T00:00:00Z,64029
2022-07-03T00:00:00Z,64029
2022-07-04T00:00:00Z,64029
2022-07-05T00:00:00Z,64029
2022-07-06T00:00:00Z,64029
2022-07-07T00:00:00Z,64029
2022-07-08T00:00:00Z,64029
2022-07-09T00:00:00Z,64029
2022-07-10T00:00:00Z,64029
2022-07-11T00:00:00Z,64029
2022-07-12T00:00:00Z,64029
2022-07-13T00:00:00Z,64029
2022-07-14T00:00:00Z,64028
2022-07-15T00:00:00Z,64028
2022-07-16T00:00:00Z,64028
2022-07-17T00:00:00Z,64028
2022-07-18T00:00:00Z,64028
2022-07-19T00:00:00Z,64028
2022-07-20T00:00:00Z,64029
2022-07-21T00:00:00Z,64028
2022-07-22T00:00:00Z,64028
2022-07-23T00:00:00Z,64028
2022-07-24T00:00:00Z,64028
2022-07-25T00:00:00Z,64028
2022-07-26T00:00:00Z,64029
2022-07-27T00:00:00Z,64029
2022-07-28T00:00:00Z,64029
2022-07-29T00:00:00Z,64029
2022-07-30T00:00:00Z,64029
2022-07-31T00:00:00Z,64029
2022-08-01T00:00:00Z,64029
2022-08-02T00:00:00Z,64029
2022-08-03T00:00:00Z,64029
2022-08-04T00:00:00Z,64033
2022-08-05T00:00:00Z,64048
2022-08-06T00:00:00Z,64105
2022-08-07T00:00:00Z,64106
2022-08-08T00:00:00Z,64106
2022-08-09T00:00:00Z,64139
2022-08-10T00:00:00Z,64139
2022-08-11T00:00:00Z,64139
2022-08-12T00:00:00Z,64139
2022-08-13T00:00:00Z,64139
2022-08-14T00:00:00Z,64142
2022-08-15T00:00:00Z,64142
2022-08-16T00:00:00Z,64160
2022-08-17T00:00:00Z,64164
2022-08-18T00:00:00Z,64164
2022-08-19T00:00:00Z,64164
2022-08-20T00:00:00Z,64178
2022-08-21T00:00:00Z,64181
2022-08-22T00:00:00Z,64181
2022-08-23T00:00:00Z,64181
2022-08-24T00:00:00Z,64181
2022-08-25T00:00:00Z,64256
2022-08-26T00:00:00Z,64772
2022-08-27T00:00:00Z,64772
2022-08-28T00:00:00Z,64758
2022-08-29T00:00:00Z,64758
2022-08-30T00:00:00Z,64758
2022-08-31T00:00:00Z,64801
2022-09-01T00:00:00Z,64804
2022-09-02T00:00:00Z,64810
2022-09-03T00:00:00Z,64816
2022-09-04T00:00:00Z,64816
2022-09-05T00:00:00Z,64816
2022-09-06T00:00:00Z,64816
2022-09-07T00:00:00Z,64816
2022-09-08T00:00:00Z,64816
2022-09-09T00:00:00Z,64816
2022-09-10T00:00:00Z,64818
2022-09-11T00:00:00Z,64823
2022-09-12T00:00:00Z,64821
2022-09-13T00:00:00Z,64821
2022-09-14T00:00:00Z,64820
2022-09-15T00:00:00Z,64822
2022-09-16T00:00:00Z,64820
2022-09-17T00:00:00Z,64823
2022-09-18T00:00:00Z,64823
2022-09-19T00:00:00Z,64823
2022-09-20T00:00:00Z,64826
2022-09-21T00:00:00Z,64826
2022-09-22T00:00:00Z,64826
2022-09-23T00:00:00Z,64826
2022-09-24T00:00:00Z,64827
2022-09-25T00:00:00Z,64828
2022-09-26T00:00:00Z,64828
2022-09-27T00:00:00Z,64828
2022-09-28T00:00:00Z,64828
2022-09-29T00:00:00Z,64829
2022-09-30T00:00:00Z,64829
2022-10-01T00:00:00Z,64876
2022-10-02T00:00:00Z,64877
2022-10-03T00:00:00Z,64877
2022-10-04T00:00:00Z,64877
2022-10-05T00:00:00Z,64877
2022-10-06T00:00:00Z,64877
2022-10-07T00:00:00Z,64880
2022-10-08T00:00:00Z,64880
2022-10-09T00:00:00Z,64881
2022-10-10T00:00:00Z,64881
2022-10-11T00:00:00Z,64881
2022-10-12T00:00:00Z,64881
2022-10-13T00:00:00Z,64888
2022-10-14T00:00:00Z,64888
2022-10-15T00:00:00Z,64888
2022-10-16T00:00:00Z,64895
2022-10-17T00:00:00Z,64895
2022-10-18T00:00:00Z,64895
2022-10-19T00:00:00Z,64895
2022-10-20T00:00:00Z,64895
2022-10-21T00:00:00Z,64903
2022-10-22T00:00:00Z,64903
2022-10-23T00:00:00Z,64903
2022-10-24T00:00:00Z,64903
2022-10-25T00:00:00Z,64903
2022-10-26T00:00:00Z,64903
2022-10-27T00:00:00Z,64903
2022-10-28T00:00:00Z,64903
2022-10-29T00:00:00Z,64903
2022-10-30T00:00:00Z,64903
2022-10-31T00:00:00Z,64903
2022-11-01T00:00:00Z,64918
2022-11-02T00:00:00Z,64918
2022-11-03T00:00:00Z,64918
2022-11-04T00:00:00Z,64919
2022-11-05T00:00:00Z,64919
2022-11-06T00:00:00Z,64919
2022-11-07T00:00:00Z,64919
2022-11-08T00:00:00Z,64919
2022-11-09T00:00:00Z,64964
2022-11-10T00:00:00Z,64964
2022-11-11T00:00:00Z,65054
2022-11-12T00:00:00Z,65054
2022-11-13T00:00:00Z,65053
2022-11-14T00:00:00Z,65053
2022-11-15T00:00:00Z,65053
2022-11-16T00:00:00Z,65054
2022-11-17T00:00:00Z,65100
2022-11-18T00:00:00Z,65100
2022-11-19T00:00:00Z,65100
2022-11-20T00:00:00Z,65100
2022-11-21T00:00:00Z,65100
2022-11-22T00:00:00Z,65100
2022-11-23T00:00:00Z,65100
2022-11-24T00:00:00Z,65202
2022-11-25T00:00:00Z,65202
2022-11-26T00:00:00Z,65202
2022-11-27T00:00:00Z,65202
2022-11-28T00:00:00Z,65205
2022-11-29T00:00:00Z,65205
2022-11-30T00:00:00Z,65205
2022-12-01T00:00:00Z,65205
2022-12-02T00:00:00Z,65205
2022-12-03T00:00:00Z,65209
2022-12-04T00:00:00Z,65209
2022-12-05T00:00:00Z,65209
2022-12-06T00:00:00Z,65210
2022-12-07T00:00:00Z,65210
2022-12-08T00:00:00Z,65212
2022-12-09T00:00:00Z,65216
2022-12-10T00:00:00Z,65216
2022-12-11T00:00:00Z,65215
2022-12-12T00:00:00Z,65215
2022-12-13T00:00:00Z,65258
2022-12-14T00:00:00Z,65271
2022-12-15T00:00:00Z,65271
2022-12-16T00:00:00Z,65271
2022-12-17T00:00:00Z,65272
2022-12-18T00:00:00Z,65272
2022-12-19T00:00:00Z,65271
2022-12-20T00:00:00Z,65302
2022-12-21T00:00:00Z,65302
2022-12-22T00:00:00Z,65302
2022-12-23T00:00:00Z,65302
2022-12-24T00:00:00Z,65302
2022-12-25T00:00:00Z,65302
2022-12-26T00:00:00Z,65302
2022-12-27T00:00:00Z,65302
2022-12-28T00:00:00Z,65304
2022-12-29T00:00:00Z,65304
2022-12-30T00:00:00Z,65304
2022-12-31T00:00:00Z,65304
2023-01-01T00:00:00Z,65304
2023-01-02T00:00:00Z,65304
2023-01-03T00:00:00Z,65304
2023-01-04T00:00:00Z,65304
2023-01-05T00:00:00Z,65306
2023-01-06T00:00:00Z,65319
2023-01-07T00:00:00Z,65319
2023-01-08T00:00:00Z,65319
2023-01-09T00:00:00Z,65323
2023-01-10T00:00:00Z,65323
2023-01-11T00:00:00Z,65352
2023-01-12T00:00:00Z,65384
2023-01-13T00:00:00Z,65384
2023-01-14T00:00:00Z,65384
2023-01-15T00:00:00Z,65398
2023-01-16T00:00:00Z,65398
2023-01-17T00:00:00Z,65398
2023-01-18T00:00:00Z,65408
2023-01-19T00:00:00Z,65420
2023-01-20T00:00:00Z,65435
2023-01-21T00:00:00Z,65437
2023-01-22T00:00:00Z,65439
2023-01-23T00:00:00Z,65439
2023-01-24T00:00:00Z,65439
2023-01-25T00:00:00Z,65441
2023-01-26T00:00:00Z,65439
2023-01-27T00:00:00Z,65439
2023-01-28T00:00:00Z,65443
2023-01-29T00:00:00Z,65452
2023-01-30T00:00:00Z,65454
2023-01-31T00:00:00Z,65454
2023-02-01T00:00:00Z,65454
2023-02-02T00:00:00Z,65454
2023-02-03T00:00:00Z,65454
2023-02-04T00:00:00Z,65454
2023-02-05T00:00:00Z,65454
2023-02-06T00:00:00Z,65454
2023-02-07T00:00:00Z,65454
2023-02-08T00:00:00Z,65454
2023-02-09T00:00:00Z,65454
2023-02-10T00:00:00Z,65454
2023-02-11T00:00:00Z,65454
2023-02-12T00:00:00Z,65454
2023-02-13T00:00:00Z,65457
2023-02-14T00:00:00Z,65457
2023-02-15T00:00:00Z,65464
2023-02-16T00:00:00Z,65467
2023-02-17T00:00:00Z,65467
2023-02-18T00:00:00Z,65469
2023-02-19T00:00:00Z,65479
2023-02-20T00:00:00Z,65489
2023-02-21T00:00:00Z,65490
2023-02-22T00:00:00Z,65490
2023-02-23T00:00:00Z,65491
2023-02-24T00:00:00Z,65504
2023-02-25T00:00:00Z,65490
2023-02-26T00:00:00Z,65490
2023-02-27T00:00:00Z,65495
2023-02-28T00:00:00Z,65495
2023-03-01T00:00:00Z,65498
2023-03-02T00:00:00Z,65527
2023-03-03T00:00:00Z,65528
2023-03-04T00:00:00Z,65531
2023-03-05T00:00:00Z,65531
2023-03-06T00:00:00Z,65531
2023-03-07T00:00:00Z,65704
2023-03-08T00:00:00Z,65703
2023-03-09T00:00:00Z,65704
2023-03-10T00:00:00Z,65704
2023-03-11T00:00:00Z,65715
2023-03-12T00:00:00Z,65716
2023-03-13T00:00:00Z,65715
2023-03-14T00:00:00Z,65707
2023-03-15T00:00:00Z,65707
2023-03-16T00:00:00Z,65714
2023-03-17T00:00:00Z,65716
2023-03-18T00:00:00Z,65716
2023-03-19T00:00:00Z,65727
2023-03-20T00:00:00Z,65726
2023-03-21T00:00:00Z,65867
2023-03-22T00:00:00Z,65867
2023-03-23T00:00:00Z,65867
2023-03-24T00:00:00Z,65867
2023-03-25T00:00:00Z,65867
2023-03-26T00:00:00Z,65867
2023-03-27T00:00:00Z,65867
2023-03-28T00:00:00Z,65869
2023-03-29T00:00:00Z,65869
2023-03-30T00:00:00Z,65869
2023-03-31T00:00:00Z,65869
2023-04-01T00:00:00Z,65869
2023-04-02T00:00:00Z,65869
2023-04-03T00:00:00Z,65869
2023-04-04T00:00:00Z,65869
2023-04-05T00:00:00Z,65871
2023-04-06T00:00:00Z,65871
2023-04-07T00:00:00Z,65871
2023-04-08T00:00:00Z,65871
2023-04-09T00:00:00Z,65871
2023-04-10T00:00:00Z,65871
2023-04-11T00:00:00Z,65871
2023-04-12T00:00:00Z,65871
2023-04-13T00:00:00Z,65871
2023-04-14T00:00:00Z,65871
2023-04-15T00:00:00Z,65871
2023-04-16T00:00:00Z,65871
2023-04-17T00:00:00Z,65871
2023-04-18T00:00:00Z,65870
2023-04-19T00:00:00Z,65867
2023-04-20T00:00:00Z,65867
2023-04-21T00:00:00Z,65867
2023-04-22T00:00:00Z,65867
2023-04-23T00:00:00Z,65867
2023-04-24T00:00:00Z,65866
2023-04-25T00:00:00Z,65855
2023-04-26T00:00:00Z,65883
2023-04-27T00:00:00Z,65880
2023-04-28T00:00:00Z,65880
2023-04-29T00:00:00Z,65886
2023-04-30T00:00:00Z,65913
2023-05-01T00:00:00Z,65913
2023-05-02T00:00:00Z,65913
2023-05-03T00:00:00Z,65924
2023-05-04T00:00:00Z,65933
2023-05-05T00:00:00Z,65927
2023-05-06T00:00:00Z,65957
2023-05-07T00:00:00Z,65957
2023-05-08T00:00:00Z,65987
2023-05-09T00:00:00Z,65987
2023-05-10T00:00:00Z,65987
2023-05-11T00:00:00Z,65987
2023-05-12T00:00:00Z,65987
2023-05-13T00:00:00Z,65987
2023-05-14T00:00:00Z,65987
2023-05-15T00:00:00Z,65987
2023-05-16T00:00:00Z,65987
2023-05-17T00:00:00Z,65987
2023-05-18T00:00:00Z,65987
2023-05-19T00:00:00Z,65987
2023-05-20T00:00:00Z,65987
2023-05-21T00:00:00Z,65987
2023-05-22T00:00:00Z,65987
2023-05-23T00:00:00Z,65987
2023-05-24T00:00:00Z,65987
2023-05-25T00:00:00Z,65987
2023-05-26T00:00:00Z,65987
2023-05-27T00:00:00Z,65987
2023-05-28T00:00:00Z,65987
2023-05-29T00:00:00Z,65990
2023-05-30T00:00:00Z,65990
2023-05-31T00:00:00Z,65990
2023-06-01T00:00:00Z,65991
2023-06-02T00:00:00Z,65991
2023-06-03T00:00:00Z,65991
2023-06-04T00:00:00Z,65991
2023-06-05T00:00:00Z,65991
2023-06-06T00:00:00Z,65991
2023-06-07T00:00:00Z,65991
2023-06-08T00:00:00Z,65991
2023-06-09T00:00:00Z,65991
2023-06-10T00:00:00Z,65991
2023-06-11T00:00:00Z,65991
2023-06-12T00:00:00Z,65991
2023-06-13T00:00:00Z,65991
2023-06-14T00:00:00Z,65991
2023-06-15T00:00:00Z,65991
2023-06-16T00:00:00Z,65991
2023-06-17T00:00:00Z,65991
2023-06-18T00:00:00Z,65991
2023-06-19T00:00:00Z,65991
2023-06-20T00:00:00Z,65991
2023-06-21T00:00:00Z,65991
2023-06-22T00:00:00Z,65991
2023-06-23T00:00:00Z,65991
2023-06-24T00:00:00Z,65991
2023-06-25T00:00:00Z,65991
2023-06-26T00:00:00Z,65991
2023-06-27T00:00:00Z,65991
2023-06-28T00:00:00Z,65992
2023-06-29T00:00:00Z,65993
2023-06-30T00:00:00Z,65993
2023-07-01T00:00:00Z,65993
2023-07-02T00:00:00Z,65993
2023-07-03T00:00:00Z,65993
2023-07-04T00:00:00Z,66011
2023-07-05T00:00:00Z,66011
2023-07-06T00:00:00Z,66011
2023-07-07T00:00:00Z,66011
2023-07-08T00:00:00Z,66011
2023-07-09T00:00:00Z,66014
2023-07-10T00:00:00Z,66014
2023-07-11T00:00:00Z,66014
2023-07-12T00:00:00Z,66014
2023-07-13T00:00:00Z,66014
2023-07-14T00:00:00Z,66049
2023-07-15T00:00:00Z,66050
2023-07-16T00:00:00Z,66050
2023-07-17T00:00:00Z,66050
2023-07-18T00:00:00Z,66050
2023-07-19T00:00:00Z,66049
2023-07-20T00:00:00Z,66049
2023-07-21T00:00:00Z,66049
2023-07-22T00:00:00Z,66052
2023-07-23T00:00:00Z,66052
2023-07-24T00:00:00Z,66052
2023-07-25T00:00:00Z,66053
2023-07-26T00:00:00Z,66053
2023-07-27T00:00:00Z,66054
2023-07-28T00:00:00Z,66054
2023-07-29T00:00:00Z,66054
2023-07-30T00:00:00Z,66055
2023-07-31T00:00:00Z,66055
2023-08-01T00:00:00Z,66057
2023-08-02T00:00:00Z,66004
2023-08-03T00:00:00Z,66004
2023-08-04T00:00:00Z,66004
2023-08-05T00:00:00Z,66004
2023-08-06T00:00:00Z,66004
2023-08-07T00:00:00Z,66002
2023-08-08T00:00:00Z,66002
2023-08-09T00:00:00Z,66002
2023-08-10T00:00:00Z,66006
2023-08-11T00:00:00Z,66006
2023-08-12T00:00:00Z,66015
2023-08-13T00:00:00Z,66015
2023-08-14T00:00:00Z,66015
2023-08-15T00:00:00Z,66015
2023-08-16T00:00:00Z,66018
2023-08-17T00:00:00Z,66018
2023-08-18T00:00:00Z,66018
2023-08-19T00:00:00Z,66065
2023-08-20T00:00:00Z,66070
2023-08-21T00:00:00Z,66099
2023-08-22T00:00:00Z,66115
2023-08-23T00:00:00Z,66115
2023-08-24T00:00:00Z,66115
2023-08-25T00:00:00Z,66112
2023-08-26T00:00:00Z,66119
2023-08-27T00:00:00Z,66120
2023-08-28T00:00:00Z,66120
2023-08-29T00:00:00Z,66120
2023-08-30T00:00:00Z,66120
2023-08-31T00:00:00Z,66143
2023-09-01T00:00:00Z,66143
2023-09-02T00:00:00Z,66178
2023-09-03T00:00:00Z,66216
2023-09-04T00:00:00Z,66216
2023-09-05T00:00:00Z,66229
2023-09-06T00:00:00Z,66255
2023-09-07T00:00:00Z,66410
2023-09-08T00:00:00Z,66410
2023-09-09T00:00:00Z,66423
2023-09-10T00:00:00Z,66423
2023-09-11T00:00:00Z,66423
2023-09-12T00:00:00Z,66423
2023-09-13T00:00:00Z,66423
2023-09-14T00:00:00Z,66601
2023-09-15T00:00:00Z,66601
2023-09-16T00:00:00Z,66601
2023-09-17T00:00:00Z,66600
2023-09-18T00:00:00Z,66597
2023-09-19T00:00:00Z,66597
2023-09-20T00:00:00Z,66596
2023-09-21T00:00:00Z,66596
2023-09-22T00:00:00Z,66601
2023-09-23T00:00:00Z,66598
2023-09-24T00:00:00Z,66599
2023-09-25T00:00:00Z,66605
2023-09-26T00:00:00Z,66604
2023-09-27T00:00:00Z,66605
2023-09-28T00:00:00Z,66603
2023-09-29T00:00:00Z,66606
2023-09-30T00:00:00Z,66587
2023-10-01T00:00:00Z,66579
2023-10-02T00:00:00Z,66610
2023-10-03T00:00:00Z,66645
2023-10-04T00:00:00Z,66647
2023-10-05T00:00:00Z,66647
2023-10-06T00:00:00Z,66653
2023-10-07T00:00:00Z,66670
2023-10-08T00:00:00Z,66684
2023-10-09T00:00:00Z,66677
2023-10-10T00:00:00Z,66679
2023-10-11T00:00:00Z,66679
2023-10-12T00:00:00Z,66682
2023-10-13T00:00:00Z,66683
2023-10-14T00:00:00Z,66653
2023-10-15T00:00:00Z,66608
2023-10-16T00:00:00Z,66615
2023-10-17T00:00:00Z,66618
2023-10-18T00:00:00Z,66618
2023-10-19T00:00:00Z,66613
2023-10-20T00:00:00Z,64690
2023-10-21T00:00:00Z,65524
2023-10-22T00:00:00Z,66509
2023-10-23T00:00:00Z,66558
2023-10-24T00:00:00Z,66558
2023-10-25T00:00:00Z,66558
2023-10-26T00:00:00Z,66570
2023-10-27T00:00:00Z,66570
2023-10-28T00:00:00Z,66570
2023-10-29T00:00:00Z,66466
2023-10-30T00:00:00Z,66467
2023-10-31T00:00:00Z,66467
2023-11-01T00:00:00Z,66498
2023-11-02T00:00:00Z,66498
2023-11-03T00:00:00Z,66498
2023-11-04T00:00:00Z,66498
2023-11-05T00:00:00Z,66498
2023-11-06T00:00:00Z,66498
2023-11-07T00:00:00Z,66498
2023-11-08T00:00:00Z,66498
2023-11-09T00:00:00Z,66498
2023-11-10T00:00:00Z,66498
2023-11-11T00:00:00Z,66498
2023-11-12T00:00:00Z,66498
2023-11-13T00:00:00Z,66498
2023-11-14T00:00:00Z,66498
2023-11-15T00:00:00Z,66501
2023-11-16T00:00:00Z,66501
2023-11-17T00:00:00Z,66501
2023-11-18T00:00:00Z,66501
2023-11-19T00:00:00Z,66501
2023-11-20T00:00:00Z,66501
2023-11-21T00:00:00Z,66499
2023-11-22T00:00:00Z,66499
2023-11-23T00:00:00Z,66499
2023-11-24T00:00:00Z,66499
2023-11-25T00:00:00Z,66499
2023-11-26T00:00:00Z,66499
2023-11-27T00:00:00Z,66499
2023-11-28T00:00:00Z,66499
2023-11-29T00:00:00Z,66499
2023-11-30T00:00:00Z,66499
2023-12-01T00:00:00Z,66499
2023-12-02T00:00:00Z,66499
2023-12-03T00:00:00Z,66499
2023-12-04T00:00:00Z,66499
2023-12-05T00:00:00Z,66502
2023-12-06T00:00:00Z,66514
2023-12-07T00:00:00Z,66514
2023-12-08T00:00:00Z,66514
2023-12-09T00:00:00Z,66514
2023-12-10T00:00:00Z,66514
2023-12-11T00:00:00Z,66514
2023-12-12T00:00:00Z,66514
2023-12-13T00:00:00Z,66514
2023-12-14T00:00:00Z,66514
2023-12-15T00:00:00Z,66514
2023-12-16T00:00:00Z,66521
2023-12-17T00:00:00Z,66521
2023-12-18T00:00:00Z,66521
2023-12-19T00:00:00Z,66521
2023-12-20T00:00:00Z,66541
2023-12-21T00:00:00Z,66541
2023-12-22T00:00:00Z,66541
2023-12-23T00:00:00Z,66541
2023-12-24T00:00:00Z,66541
2023-12-25T00:00:00Z,66543
2023-12-26T00:00:00Z,66543
2023-12-27T00:00:00Z,66545
2023-12-28T00:00:00Z,66545
2023-12-29T00:00:00Z,66545
2023-12-30T00:00:00Z,66545
2023-12-31T00:00:00Z,66545
2024-01-01T00:00:00Z,66545
2024-01-02T00:00:00Z,66545
2024-01-03T00:00:00Z,66563
2024-01-04T00:00:00Z,66560
2024-01-05T00:00:00Z,66566
2024-01-06T00:00:00Z,66567
2024-01-07T00:00:00Z,66567
2024-01-08T00:00:00Z,66496
2024-01-09T00:00:00Z,66467
2024-01-10T00:00:00Z,66467
2024-01-11T00:00:00Z,66467
2024-01-12T00:00:00Z,66431
2024-01-13T00:00:00Z,66431
2024-01-14T00:00:00Z,66304
2024-01-15T00:00:00Z,66304
2024-01-16T00:00:00Z,66304
2024-01-17T00:00:00Z,66304
2024-01-18T00:00:00Z,66040
2024-01-19T00:00:00Z,66040
2024-01-20T00:00:00Z,65815
2024-01-21T00:00:00Z,65823
2024-01-22T00:00:00Z,65823
2024-01-23T00:00:00Z,65823
2024-01-24T00:00:00Z,65774
2024-01-25T00:00:00Z,65705
2024-01-26T00:00:00Z,65649
2024-01-27T00:00:00Z,65649
2024-01-28T00:00:00Z,65623
2024-01-29T00:00:00Z,65621
2024-01-30T00:00:00Z,65665
2024-01-31T00:00:00Z,65686
2024-02-01T00:00:00Z,65704
2024-02-02T00:00:00Z,65717
2024-02-03T00:00:00Z,65717
2024-02-04T00:00:00Z,65717
2024-02-05T00:00:00Z,65720
2024-02-06T00:00:00Z,65720
2024-02-07T00:00:00Z,65720
2024-02-08T00:00:00Z,65720
2024-02-09T00:00:00Z,65720
2024-02-10T00:00:00Z,65720
2024-02-11T00:00:00Z,65720
2024-02-12T00:00:00Z,65720
2024-02-13T00:00:00Z,65720
2024-02-14T00:00:00Z,65731
2024-02-15T00:00:00Z,65740
2024-02-16T00:00:00Z,65739
2024-02-17T00:00:00Z,65739
2024-02-18T00:00:00Z,65739
2024-02-19T00:00:00Z,65739
2024-02-20T00:00:00Z,65739
2024-02-21T00:00:00Z,65739
2024-02-22T00:00:00Z,65739
2024-02-23T00:00:00Z,65661
2024-02-24T00:00:00Z,65604
2024-02-25T00:00:00Z,65856
2024-02-26T00:00:00Z,65856
2024-02-27T00:00:00Z,65856
2024-02-28T00:00:00Z,65856
2024-02-29T00:00:00Z,65870
2024-03-01T00:00:00Z,66207
2024-03-02T00:00:00Z,66207
2024-03-03T00:00:00Z,66207
2024-03-04T00:00:00Z,66207
2024-03-05T00:00:00Z,66246
2024-03-06T00:00:00Z,66243
2024-03-07T00:00:00Z,66243
2024-03-08T00:00:00Z,66151
2024-03-09T00:00:00Z,66151
2024-03-10T00:00:00Z,66151
2024-03-11T00:00:00Z,66151
2024-03-12T00:00:00Z,66151
2024-03-13T00:00:00Z,66151
2024-03-14T00:00:00Z,66151
2024-03-15T00:00:00Z,66151
2024-03-16T00:00:00Z,66151
2024-03-17T00:00:00Z,66151
2024-03-18T00:00:00Z,66156
2024-03-19T00:00:00Z,66154
2024-03-20T00:00:00Z,66152
2024-03-21T00:00:00Z,66224
2024-03-22T00:00:00Z,66224
2024-03-23T00:00:00Z,66224
2024-03-24T00:00:00Z,66224
2024-03-25T00:00:00Z,66213
2024-03-26T00:00:00Z,66213
2024-03-27T00:00:00Z,66243
2024-03-28T00:00:00Z,66243
2024-03-29T00:00:00Z,66243
2024-03-30T00:00:00Z,66243
2024-03-31T00:00:00Z,66300
2024-04-01T00:00:00Z,66309
2024-04-02T00:00:00Z,66309
2024-04-03T00:00:00Z,66309
2024-04-04T00:00:00Z,66327
2024-04-05T00:00:00Z,66327
2024-04-06T00:00:00Z,66327
2024-04-07T00:00:00Z,66329
2024-04-08T00:00:00Z,66331
2024-04-09T00:00:00Z,66333
2024-04-10T00:00:00Z,66333
2024-04-11T00:00:00Z,66333
2024-04-12T00:00:00Z,66333
2024-04-13T00:00:00Z,66336
2024-04-14T00:00:00Z,66336
2024-04-15T00:00:00Z,66336
2024-04-16T00:00:00Z,66377
2024-04-17T00:00:00Z,66377
2024-04-18T00:00:00Z,66377
2024-04-19T00:00:00Z,66377
2024-04-20T00:00:00Z,66377
2024-04-21T00:00:00Z,66377
2024-04-22T00:00:00Z,66377
2024-04-23T00:00:00Z,66385
2024-04-24T00:00:00Z,66392
2024-04-25T00:00:00Z,66389
2024-04-26T00:00:00Z,66393
2024-04-27T00:00:00Z,66392
2024-04-28T00:00:00Z,66392
2024-04-29T00:00:00Z,66392
2024-04-30T00:00:00Z,66392
2024-05-01T00:00:00Z,66397
2024-05-02T00:00:00Z,66397
2024-05-03T00:00:00Z,66397
2024-05-04T00:00:00Z,66397
2024-05-05T00:00:00Z,66397
2024-05-06T00:00:00Z,66396
2024-05-07T00:00:00Z,66396
2024-05-08T00:00:00Z,66397
2024-05-09T00:00:00Z,66397
2024-05-10T00:00:00Z,66402
2024-05-11T00:00:00Z,66420
2024-05-12T00:00:00Z,66421
2024-05-13T00:00:00Z,66422
2024-05-14T00:00:00Z,66437
2024-05-15T00:00:00Z,66437
2024-05-16T00:00:00Z,66441
2024-05-17T00:00:00Z,66451
2024-05-18T00:00:00Z,66451
2024-05-19T00:00:00Z,66453
2024-05-20T00:00:00Z,66453
2024-05-21T00:00:00Z,66575
2024-05-22T00:00:00Z,66623
2024-05-23T00:00:00Z,66623
2024-05-24T00:00:00Z,66623
2024-05-25T00:00:00Z,66624
2024-05-26T00:00:00Z,66624
2024-05-27T00:00:00Z,66624
2024-05-28T00:00:00Z,66624
2024-05-29T00:00:00Z,67244
2024-05-30T00:00:00Z,67244
2024-05-31T00:00:00Z,67251
2024-06-01T00:00:00Z,67252
2024-06-02T00:00:00Z,67252
2024-06-03T00:00:00Z,67216
2024-06-04T00:00:00Z,67217
2024-06-05T00:00:00Z,67217
2024-06-06T00:00:00Z,67219
2024-06-07T00:00:00Z,67219
2024-06-08T00:00:00Z,67225
2024-06-09T00:00:00Z,67265
2024-06-10T00:00:00Z,67252
2024-06-11T00:00:00Z,67251
2024-06-12T00:00:00Z,67251
2024-06-13T00:00:00Z,67253
2024-06-14T00:00:00Z,67262
2024-06-15T00:00:00Z,67263
2024-06-16T00:00:00Z,67265
2024-06-17T00:00:00Z,67266
2024-06-18T00:00:00Z,67267
2024-06-19T00:00:00Z,67270
2024-06-20T00:00:00Z,67277
2024-06-21T00:00:00Z,67275
2024-06-22T00:00:00Z,67278
2024-06-23T00:00:00Z,67281
2024-06-24T00:00:00Z,67280
2024-06-25T00:00:00Z,67286
2024-06-26T00:00:00Z,67284
2024-06-27T00:00:00Z,67284
2024-06-28T00:00:00Z,67284
2024-06-29T00:00:00Z,67286
2024-06-30T00:00:00Z,67286
2024-07-01T00:00:00Z,67286
2024-07-02T00:00:00Z,67286
2024-07-03T00:00:00Z,67286
2024-07-04T00:00:00Z,67287
2024-07-05T00:00:00Z,67287
2024-07-06T00:00:00Z,67279
2024-07-07T00:00:00Z,67279
2024-07-08T00:00:00Z,67279
2024-07-09T00:00:00Z,67246
2024-07-10T00:00:00Z,67236
2024-07-11T00:00:00Z,67241
2024-07-12T00:00:00Z,67259
2024-07-13T00:00:00Z,67258
2024-07-14T00:00:00Z,67224
2024-07-15T00:00:00Z,67258
2024-07-16T00:00:00Z,67254
2024-07-17T00:00:00Z,67254
2024-07-18T00:00:00Z,67254
2024-07-19T00:00:00Z,67253
2024-07-20T00:00:00Z,67253
2024-07-21T00:00:00Z,67248
2024-07-22T00:00:00Z,67245
2024-07-23T00:00:00Z,67415
2024-07-24T00:00:00Z,67424
2024-07-25T00:00:00Z,67447
2024-07-26T00:00:00Z,67475
2024-07-27T00:00:00Z,67529
2024-07-28T00:00:00Z,67573
2024-07-29T00:00:00Z,67608
2024-07-30T00:00:00Z,67638
2024-07-31T00:00:00Z,67666
2024-08-01T00:00:00Z,67704
